,Unnamed: 0,Feeder_Category,CABLE_SIZE,No_of_times_exceeded_60_,LENGTH_OF_CABLE_MTRS_,NO__OF_JOINTS,AGE_YRS_,PILC,XLPE,DATE_ONLY,Average_Current,Peak_Current,Average_voltage,Peak_Voltage,target,Avg_Heat_Index,Peak_HI,Avg_humidity,Max_Humidity,Avg_TEMP,Max_TEMP,New_Summer,New_Monsoon,New_Winter,Feeder,Switch,Section Id,Pathid,Lat,Long,Feeder_Switch_ID_V1,Customer At Risk,Fee_Sw_Refe_ID
0,0,0,2,0,586.6,7.0,36.0,1,1,08-01-2016,4.352916667,43.99,11.0471875,11.2,1,26.66751529,31.22482897,60.07864583,79.34,25.88791667,31.11,0,0,1,30462,10499,30462-10499-1,ApolloBandar,18.22570608,73.87702763,30462_10499_1,28,30850_11933_222
1,1,0,1,0,533.1,5.0,22.75098814229249,0,1,15-01-2016,4.416875,19.24,11.02166667,11.27,1,24.97567422,28.20256186,69.5909375,76.92,23.92708333,27.3,0,0,1,30462,10499,30462-10499-1,AzadMaidan,19.42119603,73.57888698,30462_10499_2,30,30850_11933_222
2,2,0,1,0,600.0,2.0,22.75098814229249,0,1,20-01-2016,14.33125,20.8,11.06614583,11.49,1,25.39410762,29.47917587,62.81375,73.11,23.75552083,29.36,0,0,1,30462,10499,30462-10499-1,MumbaiPortTrust,19.03025027,74.7954683,30462_10499_3,35,30462_10499_11
3,3,0,0,0,682.5,5.0,23.0,1,0,25-01-2016,27.5353125,109.47,11.0,11.41,1,25.91446561,28.94234103,50.20145833,64.66,24.73489583,30.33,0,0,1,30462,10499,30462-10499-1,DrAmbedkarStatueChowkArea,20.24176498,73.35740892,30462_10499_4,26,30462_10499_11
4,4,0,0,0,381.0,4.0,20.0,1,0,02-02-2016,0.845625,80.23,11.07791667,11.39,1,26.55376559,32.86373525,64.32864583,74.42,25.37291667,31.12,0,0,1,30462,10499,30462-10499-1,ApolloBandar,18.8821594,74.42632556,30462_10499_5,49,30462_10499_11
5,5,1,2,0,1613.43,21.0,22.75098814229249,1,1,05-02-2016,9.230416667,25.88,11.1046875,11.37,1,26.15847822,31.61253516,63.81625,77.25,25.17458333,30.9,0,0,1,30462,10499,30462-10499-1,ChhatrapatiShivajiTerminusArea,20.76644332,73.28661425,30462_10499_6,26,30462_10499_11
6,6,0,2,0,908.0,3.0,22.75098814229249,1,0,17-02-2016,0.0,0.0,11.1275,11.34,0,26.77266653,31.91040682,66.22895833,80.83,25.93208333,30.73,0,0,1,30462,10499,30462-10499-3,AzadMaidan,19.88694691,73.65251422,30462_10499_7,37,30850_11933_222
7,7,0,0,0,1084.9,6.0,23.0,1,0,18-03-2016,58.21010417,137.21,11.16145833,11.4,1,30.9428615,37.86974581,76.82541667,92.66,27.88989583,32.35,1,0,0,30462,10499,30462-10499-1,KalaGhoda,18.98409064,73.79368784,30462_10499_8,37,30850_11933_222
8,8,0,0,0,869.43,5.0,32.0,1,1,24-03-2016,60.77322917,71.58,10.97260417,11.12,0,30.64528286,35.80659905,64.60625,87.42,28.71072917,33.43,1,0,0,30462,10499,30462-10499-3,BallardEstate,18.02993802,73.65119786,30462_10499_9,39,30850_11933_222
9,9,0,2,0,880.0,14.0,42.0,1,0,28-03-2016,27.92958333,98.03,11.00375,11.31,1,33.41387003,42.54965209,61.15625,77.8,30.33697917,35.93,1,0,0,30462,10499,30462-10499-1,MangalWadi,18.47788338,73.31128194,30462_10499_10,49,30850_11932_209
10,10,1,0,0,1003.0,3.0,20.0,1,0,28-03-2016,0.1,0.1,0.0,0.0,0,33.41387003,42.54965209,61.15625,77.8,30.33697917,35.93,1,0,0,30462,10499,30462-10499-1,FanasWadi,20.44823252,73.01295647,30462_10499_11,35,30850_11932_209
11,11,0,0,7,1609.71,26.0,20.0,1,1,07-04-2016,48.6834375,166.12,10.81583333,11.1,1,33.58337783,38.9240328,75.6984375,91.09,29.15864583,33.62,1,0,0,30462,10499,30462-10499-1,MarineLineEast,18.06919142,73.35900571,30462_10499_12,38,30850_11932_209
12,12,0,0,7,1609.71,26.0,20.0,1,1,07-04-2016,48.6834375,166.12,10.81583333,11.1,1,33.58337783,38.9240328,75.6984375,91.09,29.15864583,33.62,1,0,0,30462,10499,30462-10499-3,Bhagatvadi,18.34972674,73.62303795,30462_10499_13,48,30462_10499_24
13,13,0,0,7,1609.71,26.0,20.0,1,1,07-04-2016,48.6834375,166.12,10.81583333,11.1,1,33.58337783,38.9240328,75.6984375,91.09,29.15864583,33.62,1,0,0,30462,10499,30462-10499-3,Panjarpole,19.98357292,74.81711043,30462_10499_14,44,30462_10499_24
14,14,0,0,7,1609.71,26.0,20.0,1,1,07-04-2016,48.6834375,166.12,10.81583333,11.1,1,33.58337783,38.9240328,75.6984375,91.09,29.15864583,33.62,1,0,0,30462,10499,30462-10499-3,MumbadeviArea,20.87210523,73.91895788,30462_10499_15,33,30462_10499_24
15,15,0,1,7,2023.7,5.0,8.0,0,1,07-04-2016,101.6425,208.99,11.00010417,11.2,1,33.58337783,38.9240328,75.6984375,91.09,29.15864583,33.62,1,0,0,30462,10499,30462-10499-3,GulalWadi,18.42333945,73.94798961,30462_10499_16,43,30462_10499_24
16,16,0,0,0,540.6,2.0,19.0,1,1,08-04-2016,5.373333333,126.66,11.05333333,11.33,1,34.93122045,42.3071532,69.66541667,85.97,30.15,34.82,1,0,0,30462,10499,30462-10499-1,MangalWadi,19.78118283,74.80672571,30462_10499_17,39,30462_10499_24
17,17,0,0,7,483.0,5.0,34.0,1,1,15-04-2016,114.3497917,161.62,11.0346875,11.21,0,34.14912395,43.1778862,79.12854167,92.46,29.07708333,33.65,1,0,0,30462,10499,30462-10499-1,ChampaWadi,18.17773022,74.83827188,30462_10499_18,35,30850_11932_209
18,18,1,0,0,2430.0,17.0,14.0,1,1,17-04-2016,0.1,0.1,11.1403125,11.32,0,32.78997195,40.28963148,82.921875,93.23,28.19802083,32.17,1,0,0,30462,10499,30462-10499-1,AnantWadi,20.57108488,74.06339577,30462_10499_19,26,30850_11932_209
19,19,2,1,4,1092.0,10.0,5.0,0,1,22-04-2016,155.7604167,195.0,11.12270833,11.32,0,32.97310132,38.04778183,79.72947917,86.26,28.39802083,30.79,1,0,0,30462,10499,30462-10499-6,FanasWadi,19.95057964,72.86007866,30462_10499_20,50,30850_11932_209
20,20,0,1,0,1418.4,4.0,7.0,0,1,23-04-2016,9.084375,18.85,11.06302083,11.22,1,34.04847904,40.68694499,80.5246875,85.18,28.70791667,31.6,1,0,0,30462,10499,30462-10499-6,ChippiChawl,20.53156605,74.88814254,30462_10499_21,42,30850_11936_244
21,21,0,1,7,1615.5,5.0,5.0,0,1,24-04-2016,156.0,208.24,10.9825,11.24,0,33.42459015,39.44511368,80.1521875,85.62,28.52385417,31.45,1,0,0,30462,10499,30462-10499-6,ZaveriBazaar,18.44047039,73.42128936,30462_10499_22,48,30850_11936_244
22,22,0,2,3,1380.0,16.0,32.0,1,1,28-04-2016,6.548229167,132.96,10.97885417,11.26,1,39.09205901,48.34911516,73.78604167,85.82,31.093125,34.82,1,0,0,30462,10499,30462-10499-6,Gaiwadi,19.28729719,74.39667087,30462_10499_23,47,30850_11936_244
23,23,1,0,0,1003.0,3.0,20.0,1,0,29-04-2016,0.078125,0.1,0.0,0.0,1,36.12257558,43.38753868,74.1734375,82.41,30.06697917,33.78,1,0,0,30462,10499,30462-10499-6,Pungeswari,20.53354629,73.76955075,30462_10499_24,35,30850_11936_244
24,24,0,2,7,1139.9,7.0,22.75098814229249,1,1,29-04-2016,11.13635417,144.21,10.9915625,11.28,1,36.12257558,43.38753868,74.1734375,82.41,30.06697917,33.78,1,0,0,30462,10499,30462-10499-6,Thakurdwar,19.06640252,73.72652756,30462_10499_25,48,30850_11936_244
25,25,1,0,0,920.6,5.0,20.0,1,0,29-04-2016,0.078125,0.1,0.0,0.0,1,36.12257558,43.38753868,74.1734375,82.41,30.06697917,33.78,1,0,0,30462,10501,10501-7990-2,LoharChawl,18.39908737,73.39217692,30462_10501_26,25,30850_11936_244
26,26,0,1,0,438.05,4.0,3.0,0,1,30-04-2016,30.32236559,39.42,11.01822917,11.23,0,37.76338687,45.48431684,82.98260417,92.52,29.884375,34.12,1,0,0,30462,10501,10501-7990-2,Bhangwadi,18.17946606,73.76857112,30462_10501_27,43,30850_11936_244
27,27,1,0,0,2173.8,11.0,15.0,1,0,01-05-2016,0.1,0.1,10.97885417,11.2,0,36.50485574,44.31631661,83.7559375,92.89,29.41020833,33.01,1,0,0,30462,10501,10501-7990-2,Bhangwadi,18.23256137,74.85841026,30462_10501_28,31,30850_11936_244
28,28,2,0,0,835.1,8.0,15.0,1,1,14-05-2016,42.11104167,56.42,11.071875,11.29,0,42.27717774,49.41314651,86.45104167,92.75,30.7840625,33.58,1,0,0,30462,10501,10501-7990-2,Sonapur,20.18969539,73.01927652,30462_10501_29,31,30462_10501_35
29,29,0,1,5,770.0,3.0,35.0,1,1,17-05-2016,46.58625,144.4,11.02416667,11.24,1,42.23034196,49.71246692,87.1221875,92.88,30.70635417,33.52,1,0,0,30462,10501,10501-7990-2,Kumbharwada,18.19779053,73.10623109,30462_10501_30,28,30462_10501_35
30,30,1,0,4,849.0,18.0,40.0,1,1,17-05-2016,8.475104167,202.88,11.05052083,11.25,1,42.23034196,49.71246692,87.1221875,92.88,30.70635417,33.52,1,0,0,30462,10501,10501-7990-2,ChippiChawl,20.86769334,73.24477199,30462_10501_31,49,30462_10501_35
31,31,0,0,7,550.0,10.0,15.0,1,0,20-05-2016,113.26,165.33,10.881875,11.13,0,43.71640551,50.88505653,84.516875,90.58,31.35739583,34.11,1,0,0,30462,10501,10501-7990-2,LoharChawl,19.46345045,73.18678816,30462_10501_32,33,30462_10501_35
32,32,0,1,0,960.0,4.0,6.0,0,1,21-05-2016,57.775,75.95,10.97197917,11.18,1,43.81713938,49.01716061,83.6084375,89.64,31.47979167,33.78,1,0,0,30462,10501,10501-7990-2,ChippiChawl,19.58462285,74.57927187,30462_10501_33,39,30462_10501_35
33,33,0,1,7,2300.0,14.0,10.0,0,1,24-05-2016,135.4734375,289.46,11.05270833,11.28,1,43.46514875,50.27764031,82.99791667,89.56,31.46270833,34.23,1,0,0,30462,10501,10501-7990-2,Chinchbunder,19.32312513,73.39991715,30462_10501_34,33,30850_11936_244
34,34,0,0,7,1250.0,9.571917808219178,30.0,1,1,26-05-2016,71.7546875,167.84,10.985,11.2,1,43.03405496,49.53002181,82.09375,87.32,31.42739583,34.19,1,0,0,30462,10501,10501-7990-2,DanaBandar,18.28707177,74.11705662,30462_10501_35,43,30850_11936_244
35,35,1,0,0,593.0,3.0,22.0,1,0,27-05-2016,18.46,18.46,11.02322917,11.23,0,42.34956794,49.03189411,81.31739583,88.75,31.3375,34.09,1,0,0,30462,10501,10501-7990-4,Pydhonie,19.72579444,73.78714763,30462_10501_36,35,30850_11936_244
36,36,1,0,5,849.0,18.0,40.0,1,1,28-05-2016,9.120416667,183.92,10.97947917,11.28,1,42.84830624,49.83049047,81.41697917,88.62,31.46895833,34.41,1,0,0,30462,10501,10501-7990-2,GulalWadi,18.24264652,74.7986677,30462_10501_37,26,30850_11936_244
37,37,2,0,7,1148.5,5.0,22.75098814229249,1,1,30-05-2016,156.0,178.81,11.0596875,11.34,0,42.84552268,49.03807418,80.96854167,88.21,31.51927083,33.85,1,0,0,30462,10501,10501-7990-5,Panjarpole,19.79729745,74.28916929,30462_10501_38,38,30850_11936_244
38,38,0,0,2,755.0,3.0,23.0,1,0,03-06-2016,5.897916667,145.33,10.26229167,11.34,1,42.19049084,47.85059743,78.8546875,86.06,31.59114583,34.59,1,0,0,30462,10501,10501-7990-2,MumbadeviArea,20.05049412,74.05481048,30462_10501_39,42,30850_11936_244
39,39,0,1,7,2487.0,18.0,12.0,0,1,04-06-2016,104.5417708,266.79,10.9721875,11.26,1,43.22014764,48.4327468,82.18479167,87.58,31.46760417,34.25,1,0,0,30462,10501,10501-7990-2,BhendiBazaar,19.34782293,74.4000763,30462_10501_40,29,30850_11936_244
40,40,2,1,7,365.0,1.0,12.0,0,1,05-06-2016,156.0,214.36,11.04375,11.32,1,42.42151359,46.71351356,83.26395833,89.84,31.12270833,33.5,1,0,0,30462,10501,10501-7990-2,NullBazar,19.03038995,73.87653764,30462_10501_41,27,30462_10501_50
41,41,1,2,0,1253.0,16.0,22.75098814229249,1,1,05-06-2016,1.44375,1.45,11.01583333,11.24,0,42.42151359,46.71351356,83.26395833,89.84,31.12270833,33.5,1,0,0,30462,10501,10501-7990-2,Pydhonie,19.68016026,73.18248445,30462_10501_42,42,30462_10501_50
42,42,0,0,7,640.0,10.0,18.0,1,0,09-06-2016,21.2590625,207.04,11.07145833,11.37,1,44.03069333,49.92312273,82.17114583,88.0,31.69385417,34.27,1,0,0,30462,10501,10501-7990-2,ChippiChawl,18.6392762,74.21952089,30462_10501_43,30,30462_10501_50
43,43,1,1,0,533.7,7.0,21.0,1,0,09-06-2016,12.66104167,110.26,11.06885417,11.37,1,44.03069333,49.92312273,82.17114583,88.0,31.69385417,34.27,1,0,0,30462,10501,10501-7990-2,MasjidBandarEast,19.23750019,73.4327178,30462_10501_44,46,30462_10501_50
44,44,0,0,7,1605.7,18.0,21.0,1,0,10-06-2016,27.98895833,185.06,11.0871875,11.42,1,44.55958364,49.40772716,83.21322917,88.49,31.71197917,33.97,1,0,0,30462,10501,10501-7990-2,MasjidBandarWest,18.38285566,74.27204995,30462_10501_45,39,30462_10501_50
45,45,0,1,7,1040.0,8.0,12.0,0,1,10-06-2016,145.2055208,206.59,10.65770833,11.09,0,44.55958364,49.40772716,83.21322917,88.49,31.71197917,33.97,1,0,0,30462,10501,10501-7990-7,Thakurdwar,20.19613893,73.27590386,30462_10501_46,50,30462_10501_50
46,46,0,1,0,2487.0,3.0,6.0,0,1,19-06-2016,75.19625,170.61,10.95260417,11.19,1,39.02452872,43.97388594,88.554375,97.38,29.68166667,31.67,1,0,0,30462,10501,10501-7990-9,ChorBazaar,19.07048476,74.77899847,30462_10501_47,37,30850_11936_244
47,47,0,0,0,760.0,2.0,16.0,1,1,23-06-2016,29.29604167,70.72,11.088125,11.3,1,33.78643798,40.9906267,93.73708333,100.0,27.86083333,30.9,1,0,0,30462,10501,10501-7990-2,ShapurBaug,18.31338098,74.69597052,30462_10501_48,48,30850_11936_244
48,48,0,0,2,933.8,10.0,20.0,1,1,24-06-2016,29.636875,144.38,11.00770833,11.3,1,32.62931506,42.41436965,95.79291667,100.0,27.39083333,30.79,1,0,0,30462,10501,10501-7990-2,Khetwadi,20.10586196,74.20423818,30462_10501_49,28,30850_11936_244
49,49,0,0,0,1381.0,24.0,25.0,1,1,24-06-2016,17.19239583,80.31,10.2009375,11.2,1,32.62931506,42.41436965,95.79291667,100.0,27.39083333,30.79,1,0,0,30462,10501,10501-7990-2,ShapurBaug,20.18196849,74.12586649,30462_10501_50,43,30850_11936_244
50,50,0,0,0,580.6,7.0,22.75098814229249,1,0,28-06-2016,0.1,0.1,10.93572917,11.21,0,30.10608281,37.25290017,99.2084375,100.0,26.51177083,28.71,1,0,0,30462,12850,37574-12850-5,OperaHouse,19.46219573,74.58374887,30462_12850_51,48,30850_13671_280
51,51,0,2,0,1365.93,26.0,31.0,1,1,30-06-2016,29.98,29.98,11.11697917,11.52,0,29.72093144,37.48469857,97.52875,100.0,26.44770833,29.27,1,0,0,30462,12850,37574-12850-5,CawasjiPatelTank,18.41495889,74.70083275,30462_12850_52,27,30850_13671_280
52,52,1,0,0,849.0,18.0,40.0,1,1,04-07-2016,9.505520833,129.62,10.98614583,11.25,1,30.13895833,37.34,99.0715625,100.0,26.5175,28.91,0,1,0,30462,12850,37574-12850-5,GulalWadi,19.75846379,74.16909578,30462_12850_53,49,30850_13671_280
53,53,0,0,0,691.21,4.0,26.0,1,1,15-07-2016,12.21,12.21,11.10635417,11.35,0,32.168125,40.46,95.5209375,100.0,27.290625,30.23,0,1,0,30462,12850,37574-12850-5,Khotachiwadi,18.18068188,73.55107032,30462_12850_54,43,30850_13671_280
54,54,2,0,0,544.7,10.0,20.0,1,0,17-07-2016,43.659375,62.6,10.998125,11.19,0,32.831875,39.31,95.935625,100.0,27.47177083,29.92,0,1,0,30462,12850,37574-12850-5,Ambewadi,19.77459706,74.19212077,30462_12850_55,26,30850_13671_280
55,55,0,2,0,384.0,1.0,22.75098814229249,1,0,07-08-2016,0.0,0.0,11.0975,11.39,0,31.38821023,37.81135972,96.79239583,100.0,26.98135417,29.02,0,1,0,30462,12850,37574-12850-5,GaneshWadi,18.33222117,74.87387088,30462_12850_56,26,30850_13671_280
56,56,1,0,0,2173.8,11.0,15.0,1,0,10-08-2016,0.1,0.1,11.05166667,11.3,0,32.00023099,35.57753315,91.71572917,97.36,27.366875,28.65,0,1,0,30462,12850,37574-12850-5,Khetwadi,18.40503443,73.81266214,30462_12850_57,35,30850_13671_280
57,57,0,1,0,811.2,2.0,12.0,0,1,12-08-2016,11.32083333,135.97,11.14322917,11.38,1,33.92877412,40.42670174,96.26354167,100.0,27.75052083,29.9,0,1,0,30462,12850,37574-12850-5,Bhatwadi,18.13152288,73.86521843,30462_12850_58,42,30850_13671_280
58,58,0,1,0,1130.5,4.0,10.0,0,1,14-08-2016,33.1853125,40.53,11.015,11.22,1,33.55463988,38.37249507,94.17416667,99.95,27.7365625,29.33,0,1,0,30462,12850,37574-12850-5,ShapurBaug,19.27296209,73.36743388,30462_12850_59,39,30850_13671_280
59,59,1,1,0,533.7,7.0,21.0,1,0,21-08-2016,25.29,37.4,11.01708333,11.1,1,35.7783619,41.9099686,92.88520833,100.0,28.45354167,30.58,0,1,0,30462,12850,37574-12850-5,MangalWadi,20.00834311,73.88111608,30462_12850_60,31,30850_13671_280
60,60,0,1,0,1480.5,10.0,10.0,0,1,28-08-2016,11.8915625,43.13,10.96697917,11.18,1,30.2739905,37.14978937,99.5959375,100.0,26.52864583,28.6,0,1,0,30462,12850,37574-12850-5,OperaHouse,20.80702892,73.71287894,30462_12850_61,26,30850_13671_280
61,61,0,1,0,1130.5,4.0,10.0,0,1,06-09-2016,42.48,42.48,11.06322917,11.23,0,33.09106028,40.8744548,87.51125,93.81,27.95010417,30.97,0,1,0,30462,12850,37574-12850-9,ApolloBandar,20.0473643,73.46690006,30462_12850_62,39,30850_13671_280
62,62,1,0,0,2202.4,15.0,20.0,1,0,10-09-2016,2.0,2.0,11.183125,11.43,0,32.43936148,40.88779623,93.59166667,100.0,27.48052083,30.52,0,1,0,30462,12850,37574-12850-4,AzadNagar,20.51641492,73.71292277,30462_12850_63,28,30850_13669_260
63,63,0,2,0,201.6,4.0,42.0,1,1,21-09-2016,15.79510417,88.18,11.03427083,11.25,1,26.35729366,31.28649383,99.32291667,100.0,25.32489583,26.97,0,1,0,30462,12850,37574-12850-5,MachimarNagar,20.29223983,74.26147462,30462_12850_64,31,30850_13669_260
64,64,1,2,0,1613.43,21.0,22.75098814229249,1,1,23-09-2016,29.79,29.79,11.12864583,11.26,0,29.52338843,36.15538116,99.8271875,100.0,26.28666667,28.16,0,1,0,30462,12850,37574-12850-5,GaneshMurtiNagar,19.30654634,73.53613869,30462_12850_65,25,30850_13669_260
65,65,1,0,0,1275.3,10.0,20.0,1,0,25-09-2016,0.1,0.1,10.84520833,11.09,0,29.43401635,34.65421466,95.07885417,100.0,26.3603125,28.27,0,1,0,30462,12850,37574-12850-5,MachimarNagar,19.44989542,73.87336002,30462_12850_66,48,30850_13669_260
66,66,0,1,0,1340.0,5.0,10.0,0,1,04-10-2016,0.0,0.0,11.03458333,11.28,0,27.15715459,30.7661533,98.23958333,100.0,25.6159375,26.91,0,1,0,30462,12850,37574-12850-5,ApolloBandar,19.30299114,74.05459813,30462_12850_67,50,30850_13669_260
67,67,0,0,0,582.8,20.0,15.0,1,1,09-10-2016,0.1,0.1,11.006875,11.17,0,32.51250118,42.1740966,93.90125,100.0,27.44604167,30.92,0,1,0,30462,12850,37574-12850-5,BabasahebAmbedkarNagar,19.92026262,74.15988129,30462_12850_68,28,30850_13669_260
68,68,0,1,0,1340.0,5.0,10.0,0,1,11-10-2016,0.0,0.0,11.0884375,11.28,0,33.7589348,43.2981746,92.61979167,100.0,27.93510417,31.41,0,1,0,30462,12850,37574-12850-5,BackbayReclamation,19.358124,73.84675971,30462_12850_69,43,30462_12852_85
69,69,0,0,0,1150.0,25.0,17.0,1,1,12-10-2016,14.18572917,119.52,11.10770833,11.39,1,32.37452049,40.13350504,91.27302083,100.0,27.5871875,30.72,0,1,0,30462,12850,37574-12850-5,GaneshMurtiNagar,19.99628597,72.88482088,30462_12850_70,37,30462_12852_85
70,70,0,0,0,1084.9,6.0,23.0,1,0,13-10-2016,0.1,0.1,11.13197917,11.33,1,32.25334017,41.23611155,87.74552083,96.86,27.71322917,31.74,0,1,0,30462,12850,37574-12850-5,NewNavyNagar,20.2070988,72.98329608,30462_12850_71,28,30462_12852_85
71,71,0,0,0,869.43,5.0,32.0,1,1,26-10-2016,25.71354167,93.26,11.01135417,11.15,1,29.94409723,39.28861593,77.14260417,90.13,27.41541667,32.9,0,1,0,30462,12850,37574-12850-1,OldNavyNagar,18.69001029,73.86246447,30462_12850_72,46,30462_12852_85
72,72,1,0,0,593.0,3.0,22.0,1,0,30-10-2016,18.07,18.07,11.06760417,11.3,0,29.26244479,35.56880955,65.86791667,82.22,27.62197917,33.12,0,1,0,30462,12850,37574-12850-6,AzadNagar,18.87967789,73.42953517,30462_12850_73,40,30462_12852_85
73,73,0,0,0,1812.4,13.0,22.0,1,0,04-11-2016,65.5890625,74.12,10.89541667,11.22,0,29.64121318,34.829275,56.37635417,67.98,28.27645833,32.83,0,0,1,30462,12850,37574-12850-5,NavyNagar,20.61047575,74.85087434,30462_12850_74,31,30462_12852_85
74,74,1,1,0,1904.23,16.0,29.0,1,1,04-11-2016,0.1,0.1,10.88645833,11.25,0,29.64121318,34.829275,56.37635417,67.98,28.27645833,32.83,0,0,1,30462,12850,37574-12850-5,KempsCorner,18.59942328,73.48751145,30462_12850_75,35,30462_12852_85
75,75,0,0,0,1200.0,1.0,25.0,1,1,15-11-2016,0.0,0.0,11.00677083,11.21,0,28.50176347,35.76328321,65.34104167,84.23,27.38604167,33.9,0,0,1,30462,12852,12852-37610-6,KhareghatColony,19.79466326,73.77367681,30462_12852_76,45,30462_10499_11
76,76,0,2,0,1078.3,10.0,42.0,1,0,17-11-2016,10.82395833,51.86,11.02552083,11.17,1,29.01596149,35.96891312,64.06947917,83.89,27.47604167,34.14,0,0,1,30462,12852,12852-37610-6,DadiShethWadi,20.45009454,72.99419169,30462_12852_77,43,30462_10499_11
77,77,1,1,0,745.6,7.0,22.75098814229249,1,0,23-11-2016,28.76010417,37.79,11.00729167,11.21,1,27.95688481,34.63766307,58.54260417,79.82,27.25791667,34.33,0,0,1,30462,12852,12852-37610-6,SimlaNagar,18.45169333,73.41240914,30462_12852_78,41,30462_10499_11
78,78,1,1,0,501.0,1.0,42.0,1,0,04-12-2016,11.83145833,88.19,11.07885417,11.32,1,29.85703847,38.06196736,65.9296875,79.63,27.64208333,34.43,0,0,1,30462,12852,12852-37610-6,Walkeshwar,19.67130554,74.20576881,30462_12852_79,46,30462_10499_11
79,79,0,1,0,465.0,9.571917808219178,7.0,0,1,15-12-2016,0.0,0.0,11.06072917,11.36,0,28.41034922,34.35724807,61.45010417,73.83,27.1553125,32.85,0,0,1,30462,12852,12852-37610-6,DalalEstate,18.59901867,73.30835501,30462_12852_80,33,30462_10499_11
80,80,2,0,0,544.7,10.0,20.0,1,0,24-12-2016,6.711979167,73.34,10.98270833,11.17,1,26.34864381,33.35488083,64.6171875,78.54,25.16302083,32.09,0,0,1,30462,12852,12852-37610-6,BharatNagar,20.51935192,73.75048386,30462_12852_81,36,30462_10499_11
81,81,1,2,0,737.0,11.0,42.0,1,1,25-12-2016,10.84,10.84,11.14239583,11.28,0,25.59319833,33.85213521,69.52239583,85.92,24.879375,32.28,0,0,1,30462,12852,12852-37610-6,GowaliaTank,19.0212849,73.3849878,30462_12852_82,46,30470_11698_124
82,82,0,0,0,859.1,10.0,42.0,1,1,01-01-2017,0.0,0.0,10.96125,11.26,0,26.92778172,32.43398788,59.61145833,77.88,26.1053125,33.12,0,0,1,30462,12852,12852-37610-6,BharatNagar,19.15144362,73.3187846,30462_12852_83,44,30470_11698_124
83,83,1,1,0,760.0,9.0,12.0,0,1,09-01-2017,11.0859375,70.41,2.889166667,11.2,1,25.06985211,29.73923795,66.39145833,82.02,24.216875,28.71,0,0,1,30462,12852,12852-37610-6,Talmakiwadi,20.55729046,73.72518286,30462_12852_84,28,30470_11698_124
84,84,1,1,0,745.6,7.0,22.75098814229249,1,0,17-01-2017,7.4725,29.59,11.03770833,11.2,1,25.81300825,31.58009574,63.605625,80.08,24.9109375,30.91,0,0,1,30462,12852,12852-37610-6,GrantRoadEast,18.34562789,73.5669943,30462_12852_85,36,30470_11698_124
85,85,2,2,0,583.3,9.0,20.0,1,0,19-01-2017,22.17,22.17,10.98729167,11.24,0,25.6198129,31.54507071,62.2715625,77.79,24.53229167,30.81,0,0,1,30462,12852,12852-37610-6,Nagpada,19.96287126,73.48138965,30462_12852_86,49,30470_11698_124
86,86,0,1,0,990.0,1.0,10.0,0,1,26-01-2017,0.1,0.1,11.071875,11.32,0,27.37546363,32.10186073,53.48875,64.2,26.44302083,32.54,0,0,1,30462,12852,12852-37610-6,ZoroastrianColony,20.38584234,73.58958649,30462_12852_87,47,30470_11698_124
87,87,0,0,0,550.0,2.0,31.0,1,0,28-01-2017,23.18177083,81.98,10.97958333,11.2,1,27.98977332,34.01438253,51.31875,68.48,27.11927083,33.68,0,0,1,30462,12852,12852-37610-6,KempsCorner,18.54665759,73.57827444,30462_12852_88,50,30470_11698_124
88,88,0,0,0,715.4,5.0,20.0,1,1,30-01-2017,22.62,22.62,11.01020833,11.2,0,27.54718953,32.68057541,48.62916667,62.77,26.75385417,33.57,0,0,1,30462,12852,12852-37610-6,GrantRoad(W),19.22508615,73.76270172,30462_12852_89,25,30470_11698_124
89,89,1,1,0,745.6,7.0,22.75098814229249,1,0,06-02-2017,27.1253125,32.13,10.9965625,11.24,1,24.87045431,29.88047148,66.4615625,79.92,23.94802083,29.01,0,0,1,30462,12852,12852-37610-6,ShapurBaug,19.89571902,73.30253151,30462_12852_90,49,30850_13669_269
90,90,0,0,0,472.5,18.0,20.0,1,1,25-02-2017,15.53,15.53,11.0421875,11.45,1,29.53561197,36.16134776,47.3953125,68.78,29.08552083,36.97,0,0,1,30462,12852,12852-37610-6,BharatNagar,18.31956983,74.43817641,30462_12852_91,29,30850_13669_269
91,91,1,0,0,920.6,5.0,20.0,1,0,02-03-2017,0.0,0.0,11.00458333,11.28,0,28.77466574,35.04366891,48.14708333,61.96,28.19833333,33.88,1,0,0,30462,12852,12852-37610-6,AnandNagar,19.22301426,74.00999998,30462_12852_92,37,30850_13669_269
92,92,0,0,0,1041.0,12.0,22.0,1,1,03-03-2017,0.659479167,53.81,11.02479167,11.3,1,29.1738979,35.10486244,55.655,71.9,28.10302083,33.36,1,0,0,30462,12852,12852-37610-6,GamadiaColony,20.07724318,73.76319144,30462_12852_93,40,30850_13669_269
93,93,2,2,0,894.6,12.0,42.0,1,1,25-03-2017,6.423645833,64.17,11.086875,11.34,1,32.69646733,42.42598613,63.84854167,78.19,29.5834375,35.16,1,0,0,30462,12852,12852-37610-6,BaneCompound,20.64476708,73.86573862,30462_12852_94,45,30850_13669_269
94,94,0,2,0,1139.9,7.0,22.75098814229249,1,1,30-03-2017,0.0,0.0,10.93145833,11.26,0,35.04040655,43.52019559,80.65583333,87.25,29.10822917,33.28,1,0,0,30462,12852,12852-37610-6,Talmakiwadi,20.56631373,74.39879358,30462_12852_95,31,30850_13669_269
95,95,0,1,0,2487.0,3.0,6.0,0,1,31-03-2017,41.60763441,115.53,10.95447917,11.12,1,34.4748285,44.24785057,72.39177083,88.33,29.76114583,34.12,1,0,0,30462,12852,12852-37610-6,ZoroastrianColony,19.99349212,73.00178574,30462_12852_96,40,30850_13669_269
96,96,2,1,0,2151.4,7.0,22.75098814229249,0,1,02-04-2017,45.80041667,84.47,11.07479167,11.2,1,32.67351863,40.16093219,74.94520833,89.31,28.89447917,33.65,1,0,0,30462,12852,12852-37610-6,PapanasWadi,18.49414096,73.4876502,30462_12852_97,45,30850_13669_269
97,97,0,0,0,381.0,4.0,20.0,1,0,04-04-2017,53.93604167,75.42,11.0240625,11.27,0,32.67351863,40.16093219,74.94520833,89.31,28.89447917,33.65,1,0,0,30462,12852,12852-37610-6,Chikalwadi,20.57035516,73.18905226,30462_12852_98,36,30850_13669_269
98,98,0,1,0,1040.0,8.0,12.0,0,1,07-04-2017,114.4002083,160.03,11.04052083,11.16,0,30.66610788,36.71462925,67.4334375,84.85,28.3271875,32.79,1,0,0,30462,12852,12852-37610-6,Model Town,20.49980642,73.61368634,30462_12852_99,32,30850_13669_269
99,99,0,1,0,1040.0,8.0,12.0,0,1,08-04-2017,109.5004167,133.11,11.02447917,11.14,0,29.81481069,37.38603872,60.58239583,78.04,28.1675,33.94,1,0,0,30462,12852,12852-37610-6,SV Patel Nagar,19.01388019,74.81986173,30462_12852_100,42,30850_13669_265
100,100,0,0,0,640.0,10.0,18.0,1,0,16-04-2017,39.99552083,58.61,11.09697917,11.36,0,35.02514642,44.43004959,68.93385417,87.53,30.44760417,35.49,1,0,0,30470,11698,11698-36827-4,Mudran Press Colony,20.74614587,74.01176788,30470_11698_101,43,30850_13669_265
101,101,0,0,0,691.21,4.0,26.0,1,1,21-04-2017,13.77,13.77,10.97760417,11.23,0,35.43914212,42.12831422,72.61541667,83.02,29.98427083,33.78,1,0,0,30470,11698,11698-36827-4,Azad Nagar,18.65790574,72.87466461,30470_11698_102,43,30850_13669_265
102,102,1,0,0,802.0,4.0,22.75098814229249,1,1,21-04-2017,0.1,0.1,11.1796875,11.41,1,35.43914212,42.12831422,72.61541667,83.02,29.98427083,33.78,1,0,0,30470,11698,11698-36827-4,Bhudargarh Colony,19.10370401,74.57646108,30470_11698_103,26,30850_13669_265
103,103,0,0,0,142.8,4.0,22.75098814229249,1,0,23-04-2017,2.2728125,69.63,0.464791667,11.29,1,35.07584585,42.21667572,72.02625,83.04,29.89875,33.96,1,0,0,30470,11698,11698-36827-4,Amboli,18.24450335,73.07663857,30470_11698_104,30,30850_13669_265
104,104,0,0,0,1880.8,6.0,21.0,1,1,29-04-2017,0.0,0.0,11.10427083,11.36,0,33.87800501,41.33323843,73.62083333,84.01,29.30916667,33.55,1,0,0,30470,11698,11698-36827-4,Tepgaon,19.21371066,74.13334773,30470_11698_105,29,30850_13669_265
105,105,2,1,7,481.2,1.0,22.75098814229249,0,1,05-05-2017,64.1090625,221.99,11.06302083,11.38,1,39.41087308,47.36177721,76.45489583,85.71,30.98177083,34.32,1,0,0,30470,11698,11698-36827-4,Four Bungalows,20.59430237,74.32345146,30470_11698_106,26,30850_13669_265
106,106,0,0,0,1561.75,13.0,19.0,1,1,10-05-2017,34.71354167,108.32,6.440416667,11.35,0,37.78452896,45.9394831,75.786875,84.04,30.515,34.25,1,0,0,30470,11698,11698-36827-4,Navneeth Colony,20.17587172,73.05511462,30470_11698_107,50,30850_13669_265
107,107,0,0,0,1148.0,15.0,15.0,1,0,13-05-2017,18.36104167,102.44,11.10645833,11.32,1,37.98379083,48.12189486,72.04333333,83.94,30.93895833,35.0,1,0,0,30470,11698,11698-36827-4,Gilbert Hill,18.82230284,74.42805158,30470_11698_108,41,30850_13669_265
108,108,0,1,3,1800.0,15.0,5.0,0,1,13-05-2017,13.03354167,245.79,11.01197917,11.23,1,37.98379083,48.12189486,72.04333333,83.94,30.93895833,35.0,1,0,0,30470,11698,11698-36827-4,D.N.Nagar,18.77518775,74.86251937,30470_11698_109,36,30850_13669_265
109,109,2,1,5,1535.0,26.0,29.0,1,1,15-05-2017,9.35,155.61,11.04958333,11.43,1,38.38658747,44.95507945,75.3209375,83.99,30.77864583,33.89,1,0,0,30470,11698,11698-36827-4,Munshi Nagar,19.33405015,73.41816444,30470_11698_110,36,30462_12850_70
110,110,1,1,0,1755.14,8.0,7.0,0,1,18-05-2017,60.79541667,109.99,11.01447917,11.23,1,39.09960022,46.21449262,75.80989583,83.1,30.96135417,34.69,1,0,0,30470,11698,11698-36827-4,Lohana Colony,19.47565387,73.90344337,30470_11698_111,49,30462_12850_70
111,111,0,0,0,1123.7,10.0,18.0,1,1,20-05-2017,0.0,0.0,10.67135417,10.91,0,37.71464309,43.85436014,72.570625,81.46,30.8340625,34.32,1,0,0,30470,11698,11698-36827-4,Kapaswadi,18.19188165,73.65633963,30470_11698_112,29,30462_12850_70
112,112,1,0,0,1538.58,13.0,21.0,1,1,21-05-2017,31.87020833,52.51,11.00864583,11.36,1,36.7133094,42.73463382,69.87802083,78.02,30.73604167,34.18,1,0,0,30470,11698,11698-36827-4,Versova,18.82799695,74.42156587,30470_11698_113,49,30462_12850_70
113,113,0,1,7,974.35,4.0,22.75098814229249,0,1,27-05-2017,156.0,279.67,11.05125,11.34,1,39.6792576,46.38624614,74.861875,80.21,31.20489583,34.29,1,0,0,30470,11698,11698-36827-4,Mota Nagar,20.2134404,73.92797618,30470_11698_114,32,30462_12850_70
114,114,0,0,5,885.0,13.0,15.0,1,0,27-05-2017,8.4109375,159.67,0.0,0.0,1,39.6792576,46.38624614,74.861875,80.21,31.20489583,34.29,1,0,0,30470,11698,11698-36827-4,Sher E Punjab Colony,19.24965672,74.39750997,30470_11698_115,44,30462_12850_70
115,115,0,2,0,1736.63,2.0,42.0,1,1,27-05-2017,0.1,0.1,11.03052083,11.25,0,39.6792576,46.38624614,74.861875,80.21,31.20489583,34.29,1,0,0,30470,11698,11698-36827-4,Malpa Dongri,18.31841839,73.04311467,30470_11698_116,26,30462_12850_70
116,116,0,0,5,766.7,14.0,17.0,1,0,02-06-2017,9.873333333,189.61,11.1134375,11.43,1,38.75633893,47.68128625,79.2171875,91.67,30.52322917,34.74,1,0,0,30470,11698,11698-36827-4,Jijamata Colony,19.91323902,73.90683031,30470_11698_117,38,30462_12850_70
117,117,0,1,7,1250.0,10.0,42.0,1,1,05-06-2017,23.32125,166.19,11.02677083,11.38,1,40.26906222,47.19354951,76.6246875,86.31,31.2446875,34.58,1,0,0,30470,11698,11698-36827-4,Natwar Nagar,20.15221641,73.35040183,30470_11698_118,46,30462_12850_70
118,118,0,1,6,1250.0,16.0,22.75098814229249,0,1,07-06-2017,15.71770833,237.03,11.0490625,11.38,1,36.04250221,44.03983997,77.4309375,88.51,29.71552083,33.91,1,0,0,30470,11698,11698-36827-4,Shanti Nagar,18.57445044,73.60654395,30470_11698_119,26,30462_12850_70
119,119,0,1,7,1023.0,7.0,10.0,0,1,08-06-2017,156.0,205.9,11.05385417,11.36,0,33.11056574,42.00956346,82.5121875,92.46,28.37239583,32.87,1,0,0,30470,11698,11698-36827-4,Gundavali Gaothan,18.48677258,74.81147025,30470_11698_120,49,30462_10499_15
120,120,1,1,0,745.6,7.0,22.75098814229249,1,0,09-06-2017,22.22875,50.68,11.06239583,11.4,1,32.88867907,41.94885393,84.31052083,93.34,28.17447917,32.84,1,0,0,30470,11698,11698-36827-4,Gundavali,19.85718716,73.0437652,30470_11698_121,42,30462_10499_15
121,121,0,0,0,582.8,20.0,15.0,1,1,11-06-2017,10.64,10.64,10.20177083,11.17,1,32.4581145,40.12809391,86.57416667,92.08,27.78489583,31.28,1,0,0,30470,11698,11698-36827-4,Azad Nagar,19.74582894,73.2592398,30470_11698_122,30,30462_10499_15
122,122,1,0,3,414.0,1.0,34.0,1,1,21-06-2017,5.51125,176.55,11.05364583,11.26,1,37.04283176,44.00546996,79.2521875,89.62,29.8790625,32.85,1,0,0,30470,11698,11698-36827-4,Railway Colony,19.51855423,73.3498242,30470_11698_123,38,30462_10499_15
123,123,0,1,0,533.1,5.0,22.75098814229249,0,1,25-06-2017,0.55125,7.32,11.07625,11.41,1,27.70193862,38.0982232,89.58822917,94.11,25.82635417,29.96,1,0,0,30470,11698,11698-36827-4,Kondivita,18.04764038,73.72585721,30470_11698_124,49,30462_10499_15
124,124,1,1,0,745.6,7.0,22.75098814229249,1,0,02-07-2017,6.080625,27.44,11.056875,11.0,1,30.93599203,42.14771558,89.600625,93.93,27.1134375,31.82,0,1,0,30470,11698,11698-36827-4,Hanuman Nagar,19.61923056,72.89622444,30470_11698_125,38,30462_10499_15
125,125,0,0,0,771.0,11.0,22.75098814229249,1,1,03-07-2017,5.442083333,116.17,11.12020833,11.45,1,35.44976397,42.94025493,84.23822917,92.58,28.9734375,32.03,0,1,0,30470,11698,11698-36827-4,Bima Nagar,19.30261147,74.15376,30470_11698_126,49,30462_10499_15
126,126,2,1,0,332.86,2.0,7.0,0,1,24-07-2017,25.29,25.29,11.07927083,11.53,0,34.32486334,38.51451391,84.63802083,90.04,28.52635417,30.34,0,1,0,30470,11698,11698-36827-4,Vijay Nagar,20.6163168,73.03912816,30470_11698_127,44,30462_10499_15
127,127,0,1,0,433.0,8.0,12.0,0,1,26-07-2017,109.3742708,128.46,11.08291667,11.37,0,33.76901364,38.93538255,84.1259375,89.71,28.37354167,30.65,0,1,0,30470,11698,11698-36827-4,Bhim Nagar,19.9756684,74.08930495,30470_11698_128,36,30462_10499_15
128,128,0,0,0,864.0,7.0,20.0,1,1,30-07-2017,0.1,0.1,11.01166667,11.17,0,32.97859602,39.63330076,83.8509375,88.96,28.11479167,31.02,0,1,0,30470,11698,11698-36827-4,Mota Nagar,19.15667411,73.89099798,30470_11698_129,48,30462_10499_15
129,129,0,0,7,620.0,10.0,20.0,1,1,06-06-2016,17.565625,197.07,11.04135417,11.39,1,42.39300655,48.73994901,83.04447917,89.96,31.15229167,33.69,1,0,0,30470,11698,11698-36827-4,Sai Wadi,18.946537,72.88326088,30470_11698_130,44,30850_11933_240
130,130,0,0,7,766.7,14.0,17.0,1,0,25-05-2017,22.488125,190.73,11.08625,11.33,1,39.71772925,46.18215576,77.1021875,82.34,31.00083333,34.44,1,0,0,30470,11698,11698-36827-4,Tarun Bharat,18.44149618,73.13766633,30470_11698_131,39,30850_11933_240
131,131,0,0,0,540.6,2.0,19.0,1,1,31-03-2016,109.277093,130.28,11.01885417,11.26,0,31.29417441,37.91938469,74.77177083,91.66,28.2390625,32.32,1,0,0,30470,11698,11698-36827-4,Koldongri,18.32879481,73.52022068,30470_11698_132,39,30850_11933_240
132,132,0,0,7,620.0,10.0,20.0,1,1,17-05-2016,26.65364583,175.99,11.0596875,11.31,1,42.23034196,49.71246692,87.1221875,92.88,30.70635417,33.52,1,0,0,30470,11698,11698-36827-4,J B Nagar,19.64474986,73.08338351,30470_11698_133,30,30850_11933_240
133,133,0,0,3,855.0,5.0,17.0,1,1,19-06-2016,95.86239583,147.13,11.11010417,11.34,1,39.02452872,43.97388594,88.554375,97.38,29.68166667,31.67,1,0,0,30470,11698,11698-36827-4,Chakala,20.52069246,73.30656471,30470_11698_134,41,30850_11933_240
134,134,0,2,0,1594.96,13.0,42.0,1,0,14-09-2016,6.2521875,44.86,10.90520833,11.1,1,34.44453997,40.590764,92.80416667,100.0,28.12822917,30.68,0,1,0,30470,11698,11698-36827-4,BEST Colony,19.8247903,74.29226179,30470_11698_135,45,30850_11933_240
135,135,0,0,0,1733.83,13.0,32.0,1,1,06-10-2016,0.1003125,1.03,11.0009375,11.22,1,29.14887856,35.55188897,95.88052083,100.0,26.36520833,28.57,0,1,0,30470,11698,11698-36827-4,Daulat Nagar,18.19308172,74.47463852,30470_11698_136,33,30850_11933_240
136,136,1,1,7,1836.8,20.0,22.75098814229249,1,1,09-05-2017,139.7521875,317.0,11.03791667,11.3,1,37.8165702,45.23360057,75.004375,83.67,30.63447917,34.99,1,0,0,30470,11698,11698-36827-4,Koliwada,18.94497104,73.97584195,30470_11698_137,46,30850_13671_290
137,137,0,0,7,1609.71,26.0,20.0,1,1,23-06-2017,28.80395833,159.5,10.55760417,11.09,1,38.53621754,46.11488914,80.1621875,90.27,30.31729167,33.88,1,0,0,30470,11698,11698-36827-4,Suresh Colony,20.63957019,73.62376252,30470_11698_138,40,30850_13671_290
138,138,0,0,0,885.0,13.0,15.0,1,0,08-06-2016,9.619166667,138.38,11.01385417,11.2,1,42.6409659,50.89416007,81.72875,88.51,31.3584375,33.93,1,0,0,30470,11698,11698-36827-4,MSEB Colony,18.8875381,74.14287264,30470_11698_139,50,30850_13671_290
139,139,0,0,7,367.4,10.0,15.0,1,0,06-05-2017,92.899375,317.0,11.10395833,11.43,1,38.90666632,48.06564009,76.95270833,85.26,30.74,34.47,1,0,0,30470,11698,11698-36827-4,Vile Parle East,20.52248682,73.53835501,30470_11698_140,32,30850_13671_290
140,140,1,1,0,988.8,2.0,12.0,0,1,09-07-2016,36.75125,49.52,11.18489583,11.38,0,34.04208333,36.96,95.47166667,100.0,27.81114583,28.8,0,1,0,30470,11698,11698-36827-4,Daulat Nagar,18.79594948,74.68801755,30470_11698_141,32,30850_13671_290
141,141,0,2,0,463.6,1.0,15.0,1,1,21-01-2016,1.500416667,1.51,11.01677083,11.19,0,25.71291566,28.98911887,51.00572917,67.0,24.163125,29.76,0,0,1,30470,11698,11698-36827-4,BEST Colony,20.87542599,74.48496364,30470_11698_142,35,30850_13671_290
142,142,0,0,7,640.0,10.0,18.0,1,0,10-04-2016,93.2996875,261.39,11.00895833,11.31,1,33.27924247,38.36284023,67.87895833,83.51,29.68375,33.72,1,0,0,30470,11698,11698-36827-4,Khira Nagar,18.06297238,72.96139498,30470_11698_143,42,30850_13671_290
143,143,0,0,1,715.4,5.0,20.0,1,1,06-01-2016,5.376458333,189.26,11.113125,11.5,1,26.72783764,32.84680844,57.51572917,76.46,25.79927083,32.59,0,0,1,30470,11698,11698-36827-4,Kothu Wadi,20.87718942,72.86363555,30470_11698_144,38,30850_13671_290
144,144,0,0,5,550.0,5.0,12.0,1,1,21-05-2016,31.81677083,194.76,10.92354167,11.23,1,43.81713938,49.01716061,83.6084375,89.64,31.47979167,33.78,1,0,0,30470,11698,11698-36827-4,Hasmukh Nagar,19.20132169,73.90830536,30470_11698_145,43,30850_13671_290
145,145,0,1,7,350.0,3.0,12.0,0,1,31-05-2016,156.0,261.03,10.90541667,11.2,1,42.5986186,48.22343936,80.75822917,88.63,31.48083333,34.35,1,0,0,30470,11698,11698-36827-4,Shastri Nagar,20.44563969,73.94638508,30470_11698_146,36,30850_13671_290
146,146,1,0,0,325.0,4.0,29.0,1,1,26-01-2017,22.86447917,30.97,10.84875,11.36,1,27.37546363,32.10186073,53.48875,64.2,26.44302083,32.54,0,0,1,30470,11698,11698-36827-4,Railway Colony,20.53313326,73.82902242,30470_11698_147,45,30850_13671_290
147,147,2,0,5,835.1,8.0,15.0,1,1,02-04-2017,26.84020833,176.12,11.041875,11.25,1,32.67351863,40.16093219,74.94520833,89.31,28.89447917,33.65,1,0,0,30470,11698,11698-36827-4,GOI Staff Colony,20.53662167,74.18779817,30470_11698_148,32,30850_13671_290
148,148,1,1,0,800.0,9.571917808219178,22.75098814229249,0,1,01-02-2016,1.367708333,1.38,10.99257732,11.19,0,26.93268897,31.97260268,66.6734375,82.02,26.09854167,31.45,0,0,1,30470,11698,11698-36827-4,Potohar Nagar,19.27892804,74.62503335,30470_11698_149,40,30850_13671_290
149,149,0,0,0,1123.7,10.0,18.0,1,1,24-11-2016,0.00625,0.11,10.6525,10.83,0,28.39789544,33.52975157,57.47802083,77.12,27.60427083,34.3,0,0,1,30470,11698,11698-36827-4,Vithaldas Nagar,20.10716809,73.64134938,30470_11698_150,34,30470_11698_104
150,150,0,1,0,1023.0,7.0,10.0,0,1,09-01-2016,26.92979167,129.57,10.999375,11.25,1,26.10204535,31.77722943,60.82270833,77.15,25.29270833,31.33,0,0,1,30470,11698,11698-36827-4,Willingdon,20.02424789,73.67493223,30470_11698_151,27,30470_11698_104
151,151,0,0,0,1812.4,13.0,22.0,1,0,04-03-2016,45.82041667,72.56,10.90614583,11.12,1,30.83099231,35.0045079,64.38,75.55,28.62916667,32.45,1,0,0,30470,11698,11698-36827-4,Juhu Koliwada,19.46780246,73.89094725,30470_11698_152,45,30470_11698_104
152,152,0,1,0,1023.0,7.0,10.0,0,1,21-07-2016,40.17885417,161.75,10.95979167,11.28,1,28.05166667,34.37,99.22239583,100.0,25.88760417,28.05,0,1,0,30470,11698,11698-36827-4,Govind Nagar,20.20375255,73.39432258,30470_11698_153,36,30470_11698_104
153,153,0,0,0,1812.4,13.0,22.0,1,0,25-01-2016,52.14635417,67.38,10.91052083,11.14,0,25.91446561,28.94234103,50.20145833,64.66,24.73489583,30.33,0,0,1,30470,11698,11698-36827-4,Koliwada,19.80307243,74.14177278,30470_11698_154,46,30470_11698_104
154,154,0,0,0,1812.4,13.0,22.0,1,0,08-02-2016,51.98208333,70.51,10.90166667,11.11,0,25.14576067,29.93016832,65.54291667,81.72,23.91989583,29.53,0,0,1,30470,11698,11698-36827-4,Danda Village,20.18918086,73.2569632,30470_11698_155,27,30470_11698_104
155,155,2,1,4,996.28,13.0,40.0,1,1,13-10-2016,28.77177083,201.08,11.13,11.37,1,32.25334017,41.23611155,87.74552083,96.86,27.71322917,31.74,0,1,0,30470,11698,11698-36827-4,Agripada,18.60187617,73.19162234,30470_11698_156,26,30850_11936_250
156,156,0,0,0,865.41,9.0,21.0,1,1,05-08-2016,90.37270833,134.42,11.00197917,11.31,1,30.38267078,34.07644917,99.586875,100.0,26.58552083,27.63,0,1,0,30470,11698,11698-36827-4,Vile Parle East,19.0875181,74.72160831,30470_11698_157,49,30850_11936_250
157,157,0,1,0,2487.0,11.0,9.0,0,1,04-03-2016,39.97927083,54.0,10.9965625,11.24,0,30.83099231,35.0045079,64.38,75.55,28.62916667,32.45,1,0,0,30470,11698,11698-36827-4,Prabhat Colony,20.42468499,73.48609851,30470_11698_158,31,30850_11936_250
158,158,0,1,0,1480.0,12.0,4.0,0,1,07-02-2017,54.83083333,79.74,10.85739583,11.17,0,25.42906931,31.6605704,66.90166667,80.75,24.095625,29.82,0,0,1,30470,11698,11698-36827-4,Anand Nagar,19.31551269,73.82577097,30470_11698_159,40,30850_11936_250
159,159,0,0,7,114.1,23.0,23.0,1,0,06-01-2016,53.25572917,178.81,11.07072917,11.31,1,26.72783764,32.84680844,57.51572917,76.46,25.79927083,32.59,0,0,1,30470,11698,11698-36827-4,Golibar,18.61249781,73.88958548,30470_11698_160,35,30462_10499_22
160,160,0,0,7,1609.71,26.0,20.0,1,1,28-03-2016,71.11541667,184.7,10.77145833,11.01,1,33.41387003,42.54965209,61.15625,77.8,30.33697917,35.93,1,0,0,30470,11698,11698-36827-4,Hanuman Tekdi,18.73485653,74.23493953,30470_11698_161,34,30462_10499_22
161,161,0,0,0,869.43,5.0,32.0,1,1,21-11-2016,32.2978125,102.44,11.00822917,11.22,1,28.49028552,33.88266809,60.24291667,83.25,27.75802083,34.3,0,0,1,30470,11698,11698-36827-4,Sen Nagar,20.13635155,72.9664101,30470_11698_162,33,30462_10499_22
162,162,2,1,0,996.28,13.0,40.0,1,1,21-12-2016,61.30489583,93.65,11.09458333,11.39,0,28.15353132,33.93585845,55.83625,72.79,27.278125,33.71,0,0,1,30470,11698,11698-36827-4,Vakola,19.67212982,74.30175721,30470_11698_163,36,30462_10499_22
163,163,0,1,0,280.0,3.0,10.0,0,1,05-01-2017,46.68385417,62.86,11.1065625,11.29,0,26.06932029,31.24060755,59.36479167,75.32,24.90833333,31.14,0,0,1,30470,11698,11698-36827-4,Union Park,19.98302886,73.6065477,30470_11698_164,37,30462_10499_22
164,164,1,0,0,629.301,12.0,34.0,1,0,29-01-2016,7.176666667,26.54,11.070625,11.28,1,25.86000754,31.74423177,63.56802083,76.76,24.85666667,30.84,0,0,1,30470,11698,11698-36827-4,Golibar,18.78678118,73.69140604,30470_11698_165,47,30462_10499_22
165,165,0,0,7,480.7,3.0,20.0,1,0,15-06-2016,132.1344792,145.02,11.19083333,11.42,0,42.05124741,47.72018817,84.615625,97.97,30.91458333,33.18,1,0,0,30470,11698,11698-36827-4,Jawahar Nagar,19.49941958,74.34890492,30470_11698_166,49,30462_10499_22
166,166,0,2,0,1139.9,7.0,22.75098814229249,1,1,21-07-2016,26.2278125,72.73,10.99802083,11.33,1,28.05166667,34.37,99.22239583,100.0,25.88760417,28.05,0,1,0,30470,11698,11698-36827-4,Veer Desai Industrial Estate,18.05123315,74.1077599,30470_11698_167,30,30462_10499_22
167,167,2,1,0,996.28,13.0,40.0,1,1,25-07-2016,33.12364583,119.24,11.0934375,11.34,1,32.21,37.09,94.39760417,100.0,27.36,28.92,0,1,0,30470,11698,11698-36827-4,MHADA Colony,18.63306759,73.87203676,30470_11698_168,38,30462_10499_22
168,168,0,1,1,330.0,2.0,22.75098814229249,0,1,29-06-2017,14.61239583,305.47,11.05916667,11.26,1,33.17363625,39.97498801,87.9225,94.68,27.97177083,30.92,1,0,0,30470,11698,11698-36827-4,Suvarna Nagar,20.25168936,74.78020774,30470_11698_169,48,30462_10499_22
169,169,1,0,0,824.0,15.0,16.0,1,1,11-07-2017,61.71166667,94.04,11.0934375,11.29,0,36.06319899,42.7183396,79.80885417,89.94,29.49239583,32.34,0,1,0,30470,11698,11698-36827-4,Vallabh Nagar Society,19.48266649,74.37476186,30470_11698_170,49,30462_10499_10
170,170,1,0,0,2206.0,18.0,32.0,1,1,12-03-2016,20.1934375,59.47,11.07552083,11.32,1,29.39341772,34.41570119,65.74979167,80.11,27.7471875,31.42,1,0,0,30470,11698,11698-36827-4,JVPD Scheme,18.40817695,73.4144095,30470_11698_171,37,30462_10499_10
171,171,0,0,7,865.41,9.0,21.0,1,1,12-07-2016,137.8671875,231.43,10.66583333,11.04,0,32.7303125,38.24,93.6115625,98.1,27.48447917,28.91,0,1,0,30470,11698,11698-36827-4,Airport Area,18.31445038,73.27756749,30470_11698_172,28,30462_10499_10
172,172,2,2,0,583.3,9.0,20.0,1,0,02-09-2016,99.77635417,124.9,11.06291667,11.43,0,32.65081501,40.62677711,96.25729167,100.0,27.38083333,30.15,0,1,0,30470,11698,11698-36827-4,Suresh Colony,18.56696015,74.13442466,30470_11698_173,41,30462_10499_10
173,173,0,0,0,1150.0,25.0,17.0,1,1,04-09-2016,38.88520833,112.7,11.09822917,11.36,1,33.29119644,40.64469303,90.49760417,100.0,27.9034375,30.68,0,1,0,30470,11698,11698-36827-4,Prem Nagar,18.14777925,74.12317851,30470_11698_174,32,30462_10499_10
174,174,0,1,7,371.0,5.0,42.0,1,0,27-01-2017,106.8938542,133.5,11.12864583,11.28,0,27.22037481,33.16077862,53.52354167,67.32,26.22260417,32.35,0,0,1,30470,11698,11698-36827-4,Tata Colony,18.47407873,74.64236619,30470_11698_175,27,30462_10499_10
175,175,0,0,0,1150.0,25.0,17.0,1,1,01-02-2017,35.29166667,104.05,11.0996875,11.27,1,27.9293146,34.35076887,51.08822917,64.3,26.65364583,33.4,0,0,1,30470,11698,11698-36827-4,Irla,19.88294007,74.76850549,30470_11698_176,38,30462_10499_10
176,176,0,0,0,1600.0,9.571917808219178,26.0,1,1,12-03-2017,15.296875,44.14,11.07135417,11.27,1,26.30974118,30.33728194,50.10583333,62.44,25.28322917,30.37,1,0,0,30470,11698,11698-36827-4,Suvarna Nagar,19.02766047,74.64844303,30470_11698_177,48,30462_10499_10
177,177,0,1,0,889.22,12.0,39.0,1,0,17-07-2017,92.70875,115.33,11.1978125,11.35,0,25.84065422,30.34948767,93.1778125,95.44,25.09729167,26.8,0,1,0,30470,11698,11698-36827-4,Kamala Nagar,19.82751975,74.54084932,30470_11698_178,31,30462_10499_10
178,178,1,0,0,445.0,8.0,17.0,1,0,20-03-2016,13.54760417,14.48,11.0425,11.24,0,27.593649,33.73458121,75.62239583,91.68,26.29791667,30.75,1,0,0,30470,11698,11698-36827-4,Suresh Colony,20.15554971,73.43089162,30470_11698_179,31,30462_10499_10
179,179,2,0,7,1165.6,23.0,20.0,1,0,11-04-2016,52.2115625,317.0,11.06208333,11.25,1,36.01305447,41.38546061,74.11583333,88.03,30.21229167,34.68,1,0,0,30470,11698,11698-36827-4,Irla,18.60081925,73.06655288,30470_11698_180,30,30462_10499_10
180,180,2,0,0,687.1,6.0,42.0,1,0,02-07-2016,36.56677083,126.08,11.02927083,11.28,1,29.77479167,34.09,99.7446875,100.0,26.40822917,27.84,0,1,0,30470,11698,11698-36827-4,Prem Nagar,18.04054486,73.22769637,30470_11698_181,49,30850_11933_240
181,181,0,0,0,501.6,7.0,15.0,1,0,02-01-2016,67.32895833,85.65,11.07458333,11.26,0,27.11163704,31.9345322,51.08802083,71.09,26.49291667,32.68,0,0,1,30470,11698,11698-36827-4,Tata Colony,18.67285792,74.02193097,30470_11698_182,40,30850_11933_240
182,182,1,0,0,1299.0,7.0,20.0,1,1,02-11-2016,31.761875,67.09,11.0,11.44,1,30.42832077,38.12012101,61.729375,70.8,28.33260417,34.08,0,0,1,30470,11698,11698-36827-4,Suvarna Nagar,19.41220005,74.7287168,30470_11698_183,28,30850_11933_240
183,183,1,1,0,760.0,9.0,12.0,0,1,20-11-2016,130.420625,144.44,11.08864583,11.28,0,28.9815933,33.98373038,63.02895833,76.85,27.51864583,33.8,0,0,1,30470,11698,11698-36827-4,Vallabh Nagar Society,20.87401646,74.03216043,30470_11698_184,40,30850_11933_240
184,184,0,0,0,1074.5,13.0,42.0,1,0,01-02-2017,66.4715625,85.45,11.02927083,11.2,0,27.9293146,34.35076887,51.08822917,64.3,26.65364583,33.4,0,0,1,30470,11698,11698-36827-4,JVPD Scheme,18.54747367,73.77156439,30470_11698_185,27,30850_11933_240
185,185,0,0,0,580.6,7.0,22.75098814229249,1,0,18-03-2017,7.009166667,117.68,11.04395833,11.16,1,29.53543065,35.27412114,58.55510417,76.53,28.2571875,32.92,1,0,0,30470,11698,11698-36827-4,Kamala Nagar,19.90181875,74.04729537,30470_11698_186,35,30850_11933_240
186,186,0,0,7,885.0,13.0,15.0,1,0,04-04-2017,110.8097917,185.06,0.0,0.0,1,32.67351863,40.16093219,74.94520833,89.31,28.89447917,33.65,1,0,0,30470,11698,11698-36827-4,Airport Area,18.63296407,73.76377419,30470_11698_187,29,30850_11933_240
187,187,1,0,1,805.0,4.0,35.0,1,0,03-01-2016,42.69291667,157.39,11.13083333,11.28,1,27.14418972,31.71592072,53.6246875,71.62,26.3296875,31.99,0,0,1,30470,11698,11698-36827-4,Suresh Colony,20.59814006,74.40719407,30470_11698_188,38,30850_11933_240
188,188,0,0,0,1733.83,13.0,32.0,1,1,11-08-2016,18.06583333,76.57,11.01010417,11.21,1,33.60709177,38.33301945,94.210625,99.86,27.74697917,29.37,0,1,0,30470,11698,11698-36827-4,Railway Police Colony,19.19427972,73.28014241,30470_11698_189,46,30850_11933_240
189,189,0,2,0,339.3,10.0,22.75098814229249,1,1,28-10-2016,58.3984375,72.36,11.00083333,11.25,0,30.27963373,34.83286145,67.18322917,81.66,28.22979167,33.12,0,1,0,30470,11698,11698-36827-4,Marol,19.32088599,74.74196484,30470_11698_190,28,30462_10499_1
190,190,0,1,0,1146.2,2.0,12.0,0,1,24-04-2017,91.7425,163.11,10.89427083,11.21,1,33.91700309,39.56028368,69.520625,78.62,29.61604167,33.04,1,0,0,30470,11698,11698-36827-4,Paranjape Nagar,20.10977466,74.7547847,30470_11698_191,32,30462_10499_1
191,191,0,0,0,181.0,3.0,24.0,1,1,13-05-2017,107.0707292,127.5,11.01979167,11.34,0,37.98379083,48.12189486,72.04333333,83.94,30.93895833,35.0,1,0,0,30470,11698,11698-36827-4,Kamala Nagar,19.43586933,73.96995692,30470_11698_192,45,30462_10499_1
192,192,1,0,0,1641.0,16.0,20.0,1,1,05-01-2016,9.125,19.21,10.97677083,11.19,0,26.42958503,32.88980647,57.17072917,72.38,25.28302083,32.04,0,0,1,30470,11698,11698-36827-4,Suresh Colony,18.46610884,74.58663695,30470_11698_193,45,30462_10499_1
193,193,1,1,0,456.2,4.0,5.0,0,1,21-02-2016,5.870520833,16.85,11.061875,11.23,1,29.47667229,34.72625823,62.35510417,73.46,27.92635417,31.72,0,0,1,30470,11698,11698-36827-4,Chhatrapati Shivaji International Airport Area,20.70357345,73.28688709,30470_11698_194,36,30462_10499_1
194,194,0,1,0,511.0,4.0,4.0,0,1,09-03-2016,102.9727083,135.92,10.9984375,11.21,0,29.45376923,33.82684532,59.67583333,71.62,28.0984375,32.24,1,0,0,30470,11698,11698-36827-4,Vile Parle East,20.62316473,72.96117377,30470_11698_195,40,30462_10499_1
195,195,0,2,0,1594.96,13.0,42.0,1,0,30-06-2016,35.818125,47.31,10.92583333,11.15,0,29.72093144,37.48469857,97.52875,100.0,26.44770833,29.27,1,0,0,30470,11698,11698-36827-4,Mhada Colony,18.44225473,72.91121893,30470_11698_196,27,30462_10499_1
196,196,0,2,0,337.0,9.0,20.0,1,1,31-07-2016,20.11302083,59.07,10.99770833,11.17,1,27.80166667,30.94,99.98854167,100.0,25.80322917,26.76,0,1,0,30470,11698,11698-36827-4,Parle Colony,18.92368199,72.98593716,30470_11698_197,35,30462_10499_1
197,197,2,1,0,1535.0,26.0,29.0,1,1,24-12-2016,19.16479167,52.52,11.03385417,11.21,1,26.34864381,33.35488083,64.6171875,78.54,25.16302083,32.09,0,0,1,30470,11698,11698-36827-4,Netaji Subhash Nagar,19.33896969,74.71260616,30470_11698_198,49,30462_10499_1
198,198,0,1,0,1800.0,15.0,5.0,0,1,14-02-2017,87.45197917,130.34,10.01916667,11.17,0,28.32307668,37.42805295,56.4003125,72.07,27.10447917,35.12,0,0,1,30470,11698,11698-36827-4,Paranjape Nagar,20.8561122,73.78933665,30470_11698_199,30,30462_10499_1
199,199,0,0,1,1600.0,9.571917808219178,26.0,1,1,17-02-2017,24.51072917,168.7,11.0409375,11.23,1,29.99032398,37.89629038,47.66510417,65.88,29.26364583,36.28,0,0,1,30470,11698,11698-36827-4,Kamala Nagar,19.45593752,73.14014273,30470_11698_200,41,30462_10499_1
200,200,1,2,0,1089.54,13.0,33.0,1,0,18-04-2017,41.1753125,73.9,10.74958333,11.02,1,35.60057276,45.2447146,70.20697917,87.61,30.51322917,36.73,1,0,0,30850,11932,11932-13671-2,Park Road,19.2896856,74.20201663,30850_11932_201,30,30850_13671_300
201,201,1,2,0,737.0,11.0,42.0,1,1,19-04-2017,28.946875,62.79,11.138125,11.35,1,36.05568554,43.41174303,75.120625,84.86,29.94614583,33.71,1,0,0,30850,11932,11932-13671-2,Park Society,18.20758779,74.14715521,30850_11932_202,45,30850_13671_300
202,202,2,0,0,264.3,4.0,15.0,1,1,16-07-2017,100.213125,126.86,11.10729167,11.39,0,32.38096315,39.03232527,84.13239583,91.31,27.87270833,30.8,0,1,0,30850,11932,11932-13671-2,Vile Parle East,20.27247002,74.70015454,30850_11932_203,31,30850_13671_300
203,203,2,0,0,633.7,2.0,22.0,1,1,18-07-2017,39.34677083,118.41,11.04885417,11.29,1,26.44513922,28.85685899,95.17395833,95.93,25.35052083,26.22,0,1,0,30850,11932,11932-13671-2,Navneeth Colony,19.7318709,73.12045411,30850_11932_204,34,30850_13671_300
204,204,0,0,0,550.0,5.0,12.0,1,1,30-07-2017,69.71375,90.04,11.0915625,11.3,0,32.97859602,39.63330076,83.8509375,88.96,28.11479167,31.02,0,1,0,30850,11932,11932-13671-2,Vahatuk Nagar,20.15151945,74.76874651,30850_11932_205,28,30850_13671_300
205,205,0,2,0,930.0,15.0,42.0,1,1,13-01-2016,17.79854167,44.99,11.03770833,11.27,1,26.10745532,30.32577372,61.936875,77.2,25.05572917,30.0,0,0,1,30850,11932,11932-13671-2,Prathmesh Complex,19.67804468,74.26532613,30850_11932_206,39,30470_11698_110
206,206,2,0,0,641.4,3.0,39.0,1,0,06-05-2016,86.2465625,137.1,11.08958333,11.32,0,36.80123391,43.7078568,81.7521875,88.43,29.586875,32.63,1,0,0,30850,11932,11932-13671-2,Ambivali,19.50739666,73.19942107,30850_11932_207,40,30470_11698_110
207,207,0,2,0,339.3,10.0,22.75098814229249,1,1,06-05-2016,82.77479167,98.73,11.00958333,11.22,0,36.80123391,43.7078568,81.7521875,88.43,29.586875,32.63,1,0,0,30850,11932,11932-13671-2,Amboli,18.18709961,73.33008017,30850_11932_208,45,30470_11698_111
208,208,0,1,0,1170.5,1.0,9.0,0,1,21-06-2016,110.0059375,132.52,11.05697917,11.25,0,32.86370066,41.28198505,93.64739583,100.0,27.62302083,30.7,1,0,0,30850,11932,11932-13671-2,Kevni Pada,19.59662388,74.28406771,30850_11932_209,36,30470_11698_112
209,209,1,1,0,1710.0,3.0,12.0,0,1,28-07-2016,81.96333333,110.84,11.04291667,11.31,0,27.83270833,35.34,97.96291667,100.0,25.83510417,28.46,0,1,0,30850,11932,11932-13671-2,Vahatuk Nagar,19.62614148,74.63785423,30850_11932_210,44,30470_11698_113
210,210,0,2,0,1078.3,10.0,42.0,1,0,04-08-2016,57.84479167,65.92,10.98927083,11.19,0,32.26591212,38.1185355,96.22322917,100.0,27.2721875,29.51,0,1,0,30850,11932,11932-13671-2,Azad Nagar,20.29265917,73.73158499,30850_11932_211,49,30470_11698_114
211,211,0,0,0,715.4,5.0,20.0,1,1,06-08-2016,11.4065625,35.24,11.0334375,11.21,1,30.90579388,35.47782907,98.99916667,100.0,26.75416667,28.19,0,1,0,30850,11932,11932-13671-2,Natwar Nagar,20.79226996,74.32996796,30850_11932_212,49,30470_11698_115
212,212,1,0,3,2206.0,18.0,32.0,1,1,08-08-2016,50.47020833,317.0,11.130625,11.38,1,32.6444564,37.24728738,95.44989583,100.0,27.40270833,29.08,0,1,0,30850,11932,11932-13671-2,Railway Colony,19.88944533,73.27083092,30850_11932_213,43,30470_11698_116
213,213,0,2,0,339.3,10.0,22.75098814229249,1,1,29-09-2016,57.86708333,74.32,11.00041667,11.22,0,32.44260707,37.75986236,91.82385417,100.0,27.59395833,29.92,0,1,0,30850,11932,11932-13671-2,MHADA Colony,19.08731439,73.98494596,30850_11932_214,46,30470_11698_117
214,214,0,1,0,450.0,2.0,11.0,0,1,18-10-2016,60.51645833,82.33,11.04625,11.3,1,37.54003547,47.11194256,81.71604167,91.89,29.90302083,34.21,0,1,0,30850,11932,11932-13671-2,Mhada Colony,20.20124632,73.87124828,30850_11932_215,44,30470_11698_118
215,215,0,0,0,483.0,5.0,34.0,1,1,03-11-2016,65.0940625,133.69,10.97041667,11.2,1,29.81311091,34.47322561,58.04072917,70.36,28.5628125,34.02,0,0,1,30850,11932,11932-13671-2,T E Colony,18.08543592,74.72808581,30850_11932_216,29,30470_11698_119
216,216,0,0,0,571.9,8.0,18.0,1,1,21-11-2016,51.8146875,112.94,10.83916667,11.05,1,28.49028552,33.88266809,60.24291667,83.25,27.75802083,34.3,0,0,1,30850,11932,11932-13671-2,Gulmohar Colony,18.96310929,74.72695091,30850_11932_217,28,30470_11698_120
217,217,2,0,0,835.1,8.0,15.0,1,1,13-01-2017,35.81333333,49.23,11.0134375,11.27,0,24.58506088,29.69651179,60.73177083,84.11,22.2428125,30.22,0,0,1,30850,11932,11932-13671-2,T E Colony,19.06387227,73.69639389,30850_11932_218,31,30470_11698_121
218,218,0,2,0,1448.0,26.0,34.0,1,1,01-02-2017,19.1140625,55.18,10.98229167,11.38,1,27.9293146,34.35076887,51.08822917,64.3,26.65364583,33.4,0,0,1,30850,11932,11932-13671-2,MHADA Colony,18.07981041,73.00697665,30850_11932_219,41,30470_11698_122
219,219,0,1,5,2125.0,13.0,11.0,0,1,14-02-2017,92.66447917,317.0,11.0315625,11.28,1,28.32307668,37.42805295,56.4003125,72.07,27.10447917,35.12,0,0,1,30850,11932,11932-13671-2,Gulmohar Colony,20.87770745,73.91953597,30850_11932_220,34,30470_11698_123
220,220,1,1,0,199.3,3.0,22.75098814229249,1,1,17-04-2017,1.253125,3.01,11.04895833,11.47,1,35.73891075,43.35240819,76.41052083,85.36,29.70447917,33.43,1,0,0,30850,11932,11932-13671-2,MHADA Colony,19.13073629,74.29657941,30850_11932_221,47,30462_10501_50
221,221,1,0,0,1150.0,7.0,22.75098814229249,1,1,12-05-2017,45.2684375,80.37,11.18791667,11.4,1,39.87052478,47.30351388,76.73822917,84.91,31.07333333,34.14,1,0,0,30850,11933,11936-11933-3,Adarsh Nagar,20.44795202,73.48039348,30850_11933_222,26,30462_10501_50
222,222,1,2,0,1089.54,13.0,33.0,1,0,15-05-2017,28.79854167,65.73,10.76802083,10.96,1,38.38658747,44.95507945,75.3209375,83.99,30.77864583,33.89,1,0,0,30850,11933,11936-11933-3,Prathmesh Complex,20.50311188,73.4293729,30850_11933_223,40,30462_10501_50
223,223,2,1,2,2151.4,7.0,22.75098814229249,0,1,30-05-2017,51.2559375,194.83,11.04697917,11.22,1,41.33553481,47.62043372,77.76395833,84.91,31.40885417,34.28,1,0,0,30850,11933,11936-11933-3,Shastri Nagar,19.78890601,74.82271626,30850_11933_224,47,30462_10501_50
224,224,0,0,3,1074.5,13.0,42.0,1,0,31-05-2017,41.5834375,160.45,10.99177083,11.2,1,41.58035192,47.81554005,76.39,83.23,31.66927083,34.88,1,0,0,30850,11933,11936-11933-3,Sainik Nagar,20.86487563,74.10086328,30850_11933_225,44,30462_10501_50
225,225,0,2,0,1180.8,19.0,42.0,1,0,02-06-2017,86.92708333,93.46,10.97989583,11.21,0,38.75633893,47.68128625,79.2171875,91.67,30.52322917,34.74,1,0,0,30850,11933,11936-11933-3,Ambivali,19.48197769,74.70321696,30850_11933_226,45,30462_10501_50
226,226,1,0,0,414.0,1.0,34.0,1,1,17-07-2017,79.155,96.6,11.05302083,11.26,0,25.84065422,30.34948767,93.1778125,95.44,25.09729167,26.8,0,1,0,30850,11933,11936-11933-3,Bhudargarh Colony,19.61088169,74.6788277,30850_11933_227,27,30462_10501_50
227,227,2,0,7,687.1,6.0,42.0,1,0,27-05-2016,100.2955208,145.02,11.00239583,11.27,1,42.34956794,49.03189411,81.31739583,88.75,31.3375,34.09,1,0,0,30850,11933,11936-11933-3,Vahatuk Nagar,19.39673355,74.38535466,30850_11933_228,36,30462_10501_50
228,228,2,1,7,1535.0,26.0,29.0,1,1,07-07-2016,58.50625,139.6,11.06822917,11.38,1,33.89572917,37.25,95.97177083,100.0,27.74479167,28.79,0,1,0,30850,11933,11936-11933-3,Azad Nagar,19.4727281,74.69129718,30850_11933_229,36,30462_10501_50
229,229,2,0,0,641.4,3.0,39.0,1,0,18-08-2016,91.6234375,121.85,11.10635417,11.33,0,34.2904455,41.84091599,93.52489583,100.0,28.02208333,30.75,0,1,0,30850,11933,11936-11933-3,Seven Bunglow,18.81057276,74.81089812,30850_11933_230,44,30462_10501_50
230,230,0,0,7,1381.0,24.0,25.0,1,1,03-10-2016,41.70375,175.21,10.9434375,11.19,1,27.57297169,29.91329209,97.95302083,100.0,25.7553125,26.45,0,1,0,30850,11933,11936-11933-3,Navneeth Colony,18.88507347,74.33438155,30850_11933_231,31,30462_10501_50
231,231,1,0,4,436.1,9.0,42.0,1,1,07-10-2016,93.19166667,146.44,11.053125,11.26,0,31.23974314,39.21212459,93.67760417,100.0,27.1321875,30.23,0,1,0,30850,11933,11936-11933-3,Four Bungalows,18.46154936,73.29188201,30850_11933_232,40,30462_10501_50
232,232,0,1,0,1170.5,1.0,9.0,0,1,12-11-2016,95.976875,128.42,11.01604167,11.28,0,27.89160104,34.47344081,61.56625,81.25,26.72072917,33.34,0,0,1,30850,11933,11936-11933-3,Amboli,19.39884417,73.57949767,30850_11933_233,37,30462_10501_50
233,233,1,0,0,1114.0,12.0,20.0,1,0,11-12-2016,38.8790625,49.08,10.9853125,11.18,0,27.47265788,33.1224794,55.28166667,79.34,26.24770833,33.18,0,0,1,30850,11933,11936-11933-3,Gaothan,19.87468655,74.50419382,30850_11933_234,47,30462_10501_50
234,234,1,2,7,1463.13,9.571917808219178,21.0,1,1,22-03-2017,46.01677083,74.65,10.70875,11.0,1,30.28341691,37.64308565,63.6021875,81.3,28.4875,33.02,1,0,0,30850,11933,11936-11933-3,Gilbert Hill,18.89378451,73.2004542,30850_11933_235,41,30470_11698_104
235,235,2,1,2,2151.4,7.0,22.75098814229249,0,1,07-06-2017,75.12958333,189.55,11.06645833,11.4,1,36.04250221,44.03983997,77.4309375,88.51,29.71552083,33.91,1,0,0,30850,11933,11936-11933-3,Versova,19.94712855,74.34393131,30850_11933_236,40,30470_11698_104
236,236,0,1,0,1800.0,15.0,5.0,0,1,27-06-2017,106.3958333,146.97,11.00708333,11.34,0,31.19659448,37.55889959,88.98333333,93.69,27.21447917,29.81,1,0,0,30850,11933,11936-11933-3,Lohana Colony,19.16598572,74.11277145,30850_11933_237,40,30470_11698_104
237,237,1,1,0,1836.8,20.0,22.75098814229249,1,1,03-07-2017,31.5359375,95.67,6.001770833,11.29,1,35.44976397,42.94025493,84.23822917,92.58,28.9734375,32.03,0,1,0,30850,11933,11936-11933-3,Gaondevi Dongri,19.44596867,73.94941993,30850_11933_238,48,30470_11698_104
238,238,1,1,0,1820.0,8.0,5.0,0,1,29-03-2016,19.97052083,90.73,11.09322917,11.37,1,32.91358085,39.90476696,69.651875,84.13,29.2896875,33.47,1,0,0,30850,11933,11936-11933-3,Sagar City,18.39906001,74.14563098,30850_11933_239,49,30462_10501_50
239,239,0,1,0,533.1,5.0,22.75098814229249,0,1,09-05-2016,34.955625,50.1,11.049375,11.25,0,37.99340927,45.33845691,83.20052083,90.32,29.90302083,33.45,1,0,0,30850,11933,11936-11933-3,D.N.Nagar,18.76699235,74.66816859,30850_11933_240,46,30462_10501_50
240,240,1,0,7,1538.58,13.0,21.0,1,1,06-06-2016,55.29510417,158.02,11.06302083,11.23,1,42.39300655,48.73994901,83.04447917,89.96,31.15229167,33.69,1,0,0,30850,11933,11936-11933-3,Shree Ram Nagar,18.13068777,73.68993159,30850_11933_241,50,30470_11698_140
241,241,0,0,7,2457.9,15.0,18.0,1,0,24-06-2016,67.61927083,147.74,11.00479167,11.32,1,32.62931506,42.41436965,95.79291667,100.0,27.39083333,30.79,1,0,0,30850,11933,11936-11933-3,Juhu Scheme,19.86840089,73.34572064,30850_11933_242,49,30470_11698_140
242,242,1,0,0,909.0,21.0,23.0,1,0,25-06-2016,43.2015625,130.18,10.98947917,11.3,1,29.23648954,34.93459955,97.8003125,100.0,26.30260417,28.19,1,0,0,30850,11936,11936-11933-3,Dhangar wadi,19.25639465,74.74916356,30850_11936_243,27,30470_11698_140
243,243,0,0,0,1083.4,7.0,22.75098814229249,1,0,24-08-2016,106.3734375,138.47,10.99052083,11.19,0,33.01469946,40.65234163,96.28239583,100.0,27.49104167,30.12,0,1,0,30850,11936,11936-11933-3,Kapaswadi,19.64348636,72.84913471,30850_11936_244,42,30470_11698_140
244,244,2,0,4,651.96,3.0,24.0,1,1,27-09-2016,102.4946875,142.47,11.02083333,11.26,0,31.89693811,37.46172341,95.26604167,99.93,27.1559375,29.04,0,1,0,30850,11936,11936-11933-3,Parsi Colony,18.38732178,74.19362087,30850_11936_245,28,30470_11698_140
245,245,2,0,0,699.0,3.0,42.0,1,1,09-12-2016,61.59729167,82.52,11.10447917,11.35,0,27.85883811,33.68186181,57.11635417,74.53,27.02427083,33.04,0,0,1,30850,11936,11936-11933-3,Ganga Vihar,19.88041678,72.90831154,30850_11936_246,41,30470_11698_140
246,246,0,1,0,533.1,5.0,22.75098814229249,0,1,06-02-2017,26.78583333,39.55,11.14770833,11.28,0,24.87045431,29.88047148,66.4615625,79.92,23.94802083,29.01,0,0,1,30850,11936,11936-11933-3,Yadav Nagar,18.86123141,73.22989569,30850_11936_247,47,30470_11698_140
247,247,0,0,7,1074.5,13.0,42.0,1,0,19-04-2017,41.859375,278.03,11.01958333,11.24,1,36.05568554,43.41174303,75.120625,84.86,29.94614583,33.71,1,0,0,30850,11936,11936-11933-3,Munshi Nagar,20.22650249,73.2680673,30850_11936_248,25,30850_11936_246
248,248,0,1,0,1021.0,11.0,12.0,0,1,06-05-2017,91.370625,108.69,11.07479167,11.24,0,38.90666632,48.06564009,76.95270833,85.26,30.74,34.47,1,0,0,30850,11936,11936-11933-3,Marol MIDC Industry Estate,19.02476664,73.89700384,30850_11936_249,28,30850_11936_246
249,249,0,1,0,533.1,5.0,22.75098814229249,0,1,05-07-2017,10.29947917,20.61,11.14947917,11.34,1,35.82752635,42.76367886,82.49,88.91,29.18895833,31.98,0,1,0,30850,11936,11936-11933-3,Mota Nagar,20.27246261,74.81427531,30850_11936_250,43,30850_11936_246
250,250,1,0,0,1276.3,6.0,22.0,1,0,12-03-2016,80.8315625,118.34,10.821875,11.12,0,29.39341772,34.41570119,65.74979167,80.11,27.7471875,31.42,1,0,0,30850,11936,11936-11933-3,Marol Naka,18.06278709,74.19699436,30850_11936_251,28,30470_11698_140
251,251,2,1,0,145.0,0.0,12.0,0,1,11-05-2016,71.2609375,87.4,11.13916667,11.34,0,38.97306156,46.02198672,85.3740625,94.77,29.99697917,33.07,1,0,0,30850,11936,11936-11933-3,Marol Village,19.44703939,73.12167774,30850_11936_252,26,30470_11698_140
252,252,2,0,0,641.4,3.0,39.0,1,0,18-07-2016,95.36625,134.35,11.11302083,11.31,0,31.561875,36.39,98.32322917,100.0,26.97895833,28.62,0,1,0,30850,11936,11936-11933-3,Tarun Bharat,19.009036,73.73569549,30850_11936_253,44,30470_11698_140
253,253,0,0,0,850.0,17.0,41.0,1,1,07-08-2016,25.22145833,37.29,11.08708333,11.3,1,31.38821023,37.81135972,96.79239583,100.0,26.98135417,29.02,0,1,0,30850,11936,11936-11933-3,Chakala,18.81377262,73.40620706,30850_11936_254,34,30470_11698_140
254,254,2,2,0,894.6,12.0,42.0,1,1,27-08-2016,1.512083333,1.52,11.05645833,11.35,0,29.23132434,31.41093247,98.3125,100.0,26.27875,26.88,0,1,0,30850,11936,11936-11933-3,Marol,18.24178779,74.85471024,30850_11936_255,38,30470_11698_140
255,255,1,2,0,499.9,11.0,24.0,1,0,01-12-2016,28.2434375,53.61,11.06175258,11.3,0,27.58894488,34.27293295,62.66145833,81.98,26.71416667,33.0,0,0,1,30850,11936,11936-11933-3,Chhatrapati Shivaji International Airport Area,19.3912065,74.48452701,30850_11936_256,36,30462_12852_81
256,256,1,1,0,456.2,4.0,5.0,0,1,03-12-2016,27.99447917,55.93,11.00947917,11.22,0,28.39602214,37.18052785,62.67802083,81.23,27.05854167,34.28,0,0,1,30850,11936,11936-11933-3,Greater Indra Nagar,20.89511871,73.3460796,30850_11936_257,27,30462_12852_81
257,257,0,0,0,859.1,10.0,42.0,1,1,31-12-2016,19.4711828,55.64,11.05708333,11.31,1,26.61361754,33.18724038,60.2015625,78.37,25.51645833,32.76,0,0,1,30850,13669,13669-30473-1,J B Nagar,20.7364187,74.1968311,30850_13669_258,40,30462_12852_81
258,258,0,0,0,1600.0,9.571917808219178,26.0,1,1,31-01-2017,41.94989247,107.69,11.04635417,11.26,1,27.32789007,33.25728803,51.78552083,69.73,26.45958333,32.51,0,0,1,30850,13669,13669-30473-1,Ashok Nagar,19.56650412,72.98681002,30850_13669_259,32,30462_12852_19
259,259,0,1,0,450.9,4.0,6.0,0,1,15-02-2017,93.73270833,128.54,11.00270833,11.23,0,28.52915593,35.39308053,52.10135417,69.33,27.60833333,34.69,0,0,1,30850,13669,13669-30473-1,Sahar Village,20.75073122,73.56812469,30850_13669_260,46,30462_12852_19
260,260,2,0,0,1285.9,9.0,22.0,1,0,17-02-2017,35.45541667,87.85,11.05489583,11.3,1,29.99032398,37.89629038,47.66510417,65.88,29.26364583,36.28,0,0,1,30850,13669,13669-30473-1,Anand Nagar,20.65245449,72.88294272,30850_13669_261,34,30462_12852_19
261,261,2,1,0,365.0,1.0,12.0,0,1,04-03-2017,133.6586458,176.08,11.029375,11.24,0,27.95986139,34.61054591,62.69229167,78.13,26.93072917,31.96,1,0,0,30850,13669,13669-30473-1,Subhash Nagar,18.60607291,73.54775959,30850_13669_262,33,30462_12852_81
262,262,0,2,0,930.0,15.0,42.0,1,1,22-03-2017,43.5878125,54.21,11.05385417,11.27,0,30.28341691,37.64308565,63.6021875,81.3,28.4875,33.02,1,0,0,30850,13669,13669-30473-1,Oberoi Splendor,19.70543626,72.90412677,30850_13669_263,29,30462_12852_81
263,263,2,0,7,651.96,3.0,24.0,1,1,29-03-2017,68.2325,161.17,11.03145833,11.26,1,35.69464722,42.50800821,79.63989583,85.49,29.4009375,32.88,1,0,0,30850,13669,13669-30473-1,Pratap Nagar,19.17198666,74.09653362,30850_13669_264,44,30462_12852_81
264,264,0,0,7,1083.4,7.0,22.75098814229249,1,0,12-04-2017,120.1239583,187.41,11.11614583,11.4,1,36.73449383,47.1072775,76.45427083,88.17,30.10729167,34.69,1,0,0,30850,13669,13669-30473-1,Majas Wadi,18.04651105,73.55071258,30850_13669_265,33,30462_12852_76
265,265,0,1,7,2487.0,24.0,7.0,0,1,20-04-2017,156.0,240.73,11.02166667,11.3,0,35.25940528,42.35055232,75.6053125,84.94,29.61114583,33.44,1,0,0,30850,13669,13669-30473-1,Gupha Tekdi,20.60984022,72.96431059,30850_13669_266,45,30462_12852_76
266,266,0,2,0,908.0,3.0,22.75098814229249,1,0,05-05-2017,32.894375,131.85,11.1621875,11.45,1,39.41087308,47.36177721,76.45489583,85.71,30.98177083,34.32,1,0,0,30850,13669,13669-30473-1,Laxmi Nagar,20.07308716,73.22731997,30850_13669_267,45,30462_12852_76
267,267,2,0,5,309.7,5.0,17.0,1,1,30-05-2017,51.288125,149.76,11.07458333,11.31,1,41.33553481,47.62043372,77.76395833,84.91,31.40885417,34.28,1,0,0,30850,13669,13669-30473-1,Poonam Nagar,19.26478263,74.14843567,30850_13669_268,43,30462_12852_76
268,268,0,1,1,999.0,5.0,22.75098814229249,0,1,16-06-2017,71.13270833,200.22,11.08677083,11.29,1,38.66508964,46.02621345,79.47427083,88.73,30.43708333,34.06,1,0,0,30850,13669,13669-30473-1,Samarth Nagar,18.30132892,74.80261008,30850_13669_269,49,30462_12852_76
269,269,0,1,7,552.09,7.0,38.0,1,1,20-06-2017,58.60375,134.28,10.61552083,11.42,1,38.94129364,44.65652393,77.07135417,89.84,30.74458333,33.52,1,0,0,30850,13669,13669-30473-1,Janata Colony,20.33647711,74.42255527,30850_13669_270,30,30462_12852_76
270,270,2,0,0,633.7,2.0,22.0,1,1,16-07-2017,97.84489583,113.82,11.056875,11.28,0,32.38096315,39.03232527,84.13239583,91.31,27.87270833,30.8,0,1,0,30850,13669,13669-30473-1,Bandrekar Wadi,18.70972503,74.69211095,30850_13669_271,43,30462_12852_76
271,271,0,0,0,943.4,10.0,31.0,1,1,03-03-2016,102.1627083,125.1,10.96958333,11.26,0,33.52302475,38.41121971,67.2396875,85.09,29.84572917,33.95,1,0,0,30850,13669,13669-30473-1,Shyam Nagar,20.20631573,74.14222712,30850_13669_272,44,30462_12852_76
272,272,1,0,7,1569.6,24.0,42.0,1,1,22-06-2016,118.3796875,159.87,11.0834375,11.22,0,32.45562645,38.44941622,92.05677083,99.85,27.55375,30.01,1,0,0,30850,13671,11932-13671-2,Squatters Colony,18.35928885,74.04340996,30850_13671_273,27,30462_12852_76
273,273,1,0,0,1401.0,9.0,16.0,1,0,29-07-2016,69.77552083,137.04,11.03916667,11.31,1,27.20552083,34.72,99.2634375,100.0,25.62072917,28.0,0,1,0,30850,13671,11932-13671-2,Harijan Nagar Nagar,20.65178588,73.08843147,30850_13671_274,34,30850_13669_260
274,274,2,0,1,641.4,3.0,39.0,1,0,24-09-2016,61.15416667,289.47,7.478645833,11.36,1,30.84578601,35.38355794,98.74520833,100.0,26.73354167,28.11,0,1,0,30850,13671,11932-13671-2,Meghwadi,20.25501695,73.43204631,30850_13671_275,41,30850_13669_260
275,275,0,0,0,245.1,1.0,22.75098814229249,1,1,04-10-2016,80.76041667,121.81,11.04979167,11.27,0,27.15715459,30.7661533,98.23958333,100.0,25.6159375,26.91,0,1,0,30850,13671,11932-13671-2,Prem Nagar,18.27964073,73.56805699,30850_13671_276,26,30850_13669_260
276,276,0,1,0,2300.0,14.0,10.0,0,1,17-11-2016,53.42041667,122.99,11.0946875,11.3,1,29.01596149,35.96891312,64.06947917,83.89,27.47604167,34.14,0,0,1,30850,13671,11932-13671-2,Seetawadi,20.50833115,72.885804,30850_13671_277,38,30850_13669_260
277,277,1,0,7,795.1,14.0,28.0,1,0,25-11-2016,37.340625,317.0,10.15697917,11.21,1,29.25889613,36.39914559,58.83083333,68.82,27.6453125,34.13,0,0,1,30850,13671,11932-13671-2,Indira Nagar,18.35486866,73.86744662,30850_13671_278,49,30850_13669_260
278,278,1,1,0,635.0,2.0,10.0,0,1,15-12-2016,44.6934375,95.41,11.081875,11.36,0,28.41034922,34.35724807,61.45010417,73.83,27.1553125,32.85,0,0,1,30850,13671,11932-13671-2,Shankarwadi,19.02812146,74.81904831,30850_13671_279,29,30850_13669_260
279,279,0,1,7,350.0,3.0,12.0,0,1,30-03-2017,77.856875,226.77,10.96729167,11.26,1,35.04040655,43.52019559,80.65583333,87.25,29.10822917,33.28,1,0,0,30850,13671,11932-13671-2,Natwar Nagar,19.30406599,74.5810592,30850_13671_280,42,30462_12850_60
280,280,1,0,7,215.0,4.0,20.0,1,0,31-03-2017,57.0388172,172.38,11.0253125,11.33,1,34.4748285,44.24785057,72.39177083,88.33,29.76114583,34.12,1,0,0,30850,13671,11932-13671-2,Parsi Colony,18.39708351,73.74740689,30850_13671_281,42,30462_12850_60
281,281,1,0,7,2206.0,18.0,32.0,1,1,19-04-2017,91.76760417,156.35,11.2075,11.43,1,36.05568554,43.41174303,75.120625,84.86,29.94614583,33.71,1,0,0,30850,13671,11932-13671-2,Aksa Gaon,20.61220686,74.69034047,30850_13671_282,46,30462_12850_60
282,282,1,1,7,800.0,9.571917808219178,22.75098814229249,0,1,04-05-2017,90.75635417,205.94,11.05895833,11.28,1,37.1182866,43.33797919,77.6765625,86.41,30.0775,33.31,1,0,0,30850,13671,11932-13671-2,Erangal Gaon,18.71570016,74.0098323,30850_13671_283,46,30462_12850_60
283,283,0,2,7,1448.0,26.0,34.0,1,1,10-05-2017,31.57458333,100.88,10.98166667,11.47,1,37.78452896,45.9394831,75.786875,84.04,30.515,34.25,1,0,0,30850,13671,11932-13671-2,Daravali Village,18.76796302,74.83625244,30850_13671_284,39,30462_12850_60
284,284,1,1,0,1270.0,1.0,7.0,0,1,06-06-2017,81.70604167,120.5,11.12083333,11.46,0,40.24249022,45.76149507,75.10510417,84.0,31.3928125,34.49,1,0,0,30850,13671,11932-13671-2,Bhati Gaon,20.32287973,73.84796264,30850_13671_285,33,30462_12850_60
285,285,0,1,0,2125.0,13.0,11.0,0,1,29-02-2016,52.11625,139.79,11.046875,11.26,1,29.23490913,35.48708325,68.986875,86.56,27.67604167,32.85,0,0,1,30850,13671,11932-13671-2,Patil Wadi,20.73829264,74.54350217,30850_13671_286,27,30462_12850_60
286,286,1,0,0,709.1,17.0,18.0,1,0,01-03-2016,47.58907217,89.73,11.04680412,11.26,0,30.25343324,38.39506233,70.638125,83.11,27.69385417,32.64,1,0,0,30850,13671,11932-13671-2,Christian Wada,19.3239566,73.86987023,30850_13671_287,40,30462_12850_60
287,287,0,1,0,2184.0,15.0,9.0,0,1,01-03-2016,64.82041237,95.56,10.95,10.95,0,30.25343324,38.39506233,70.638125,83.11,27.69385417,32.64,1,0,0,30850,13671,11932-13671-2,Sai Wadi,18.54440355,73.80695281,30850_13671_288,50,30462_12850_60
288,288,1,2,0,499.9,11.0,24.0,1,0,13-07-2016,30.30333333,52.08,11.00572917,11.29,0,34.15697917,37.35,94.21510417,100.0,27.92395833,29.12,0,1,0,30850,13671,11932-13671-2,Harbadevi,20.41035086,73.14691138,30850_13671_289,38,30462_12850_60
289,289,0,0,7,1605.7,18.0,21.0,1,0,16-07-2016,46.4975,191.7,10.86010417,11.33,1,34.1371875,38.91,91.935,99.08,28.02822917,29.51,0,1,0,30850,13671,11932-13671-2,Pascal Wadi,18.06872636,74.77938185,30850_13671_290,40,30462_12852_100
290,290,0,0,0,1194.0,6.0,19.0,1,1,26-09-2016,100.9928125,132.92,11.0896875,11.3,0,30.55452237,36.08306235,91.98635417,97.22,26.880625,28.53,0,1,0,30850,13671,11932-13671-2,Ambu Bet,19.067364,73.20269803,30850_13671_291,27,30462_12852_100
291,291,0,1,0,533.1,5.0,22.75098814229249,0,1,26-10-2016,39.32166667,160.26,11.08791667,11.31,1,29.94409723,39.28861593,77.14260417,90.13,27.41541667,32.9,0,1,0,30850,13671,11932-13671-2,Mangroves Forest,19.91466241,73.03333314,30850_13671_292,40,30462_12852_100
292,292,1,1,0,1244.9,5.0,12.0,0,1,02-11-2016,58.9209375,65.27,11.00072917,11.22,0,30.42832077,38.12012101,61.729375,70.8,28.33260417,34.08,0,0,1,30850,13671,11932-13671-2,Udyog Nagar,18.57465226,74.52589592,30850_13671_293,45,30462_12852_100
293,293,1,1,0,1820.0,8.0,5.0,0,1,22-02-2017,75.60677083,135.01,11.06458333,11.36,0,28.12921059,34.5899321,67.82645833,81.16,26.738125,31.4,0,0,1,30850,13671,11932-13671-2,Piramal Nagar,20.57319003,74.68626234,30850_13671_294,43,30462_12852_100
294,294,0,1,0,343.0,3.0,12.0,0,1,10-03-2017,119.9727083,155.91,11.10729167,11.36,0,27.50791977,31.9489353,67.22833333,80.41,26.20072917,29.64,1,0,0,30850,13671,11932-13671-2,Jawahar Nagar,18.66863821,73.84296071,30850_13671_295,37,30850_11936_246
295,295,1,0,0,1276.3,6.0,22.0,1,0,05-04-2017,63.178125,137.34,11.044375,11.31,1,34.50030937,41.86129546,74.84083333,83.34,29.38291667,33.5,1,0,0,30850,13671,11932-13671-2,Siddharth Nagar,20.84762126,74.47999134,30850_13671_296,40,30850_11936_246
296,296,1,0,0,1276.3,6.0,22.0,1,0,10-04-2017,60.29552083,131.87,11.0675,11.28,1,34.33090538,44.26299916,62.24020833,78.17,30.3715625,35.04,1,0,0,30850,13671,11932-13671-2,Pathan Wadi,19.17862076,74.47401538,30850_13671_297,41,30850_11936_246
297,297,0,0,0,387.1,0.0,18.0,1,1,03-02-2016,94.0521875,117.08,11.0921875,11.31,0,26.41326774,32.26638985,62.98625,74.9,25.35083333,30.98,0,0,1,30850,13671,11932-13671-2,Dindoshipada,18.26909938,73.84079987,30850_13671_298,41,30850_11936_246
298,298,0,0,7,1078.1,11.0,24.0,1,0,20-04-2016,71.31958333,200.56,11.07083333,11.38,1,36.2644263,44.11442167,81.26010417,92.33,29.496875,32.78,1,0,0,30850,13671,11932-13671-2,SV Patel Nagar,18.03204186,74.52183129,30850_13671_299,46,30462_12852_100
299,299,0,1,7,750.0,7.0,42.0,1,0,27-05-2016,73.885625,173.94,10.9821875,11.26,1,42.34956794,49.03189411,81.31739583,88.75,31.3375,34.09,1,0,0,30850,13671,11932-13671-2,BandraKurlaComplex,18.93183649,73.59070873,30850_13671_300,41,30462_12852_100
